episode,method,run,obss_duration,throughput,avg_option_duration,reward,avg_loss,epsilon,npca_ratio,throughput_weight,latency_penalty,npca_switch_bonus,npca_switch_cost,qos_priority
0,Never NPCA,2,100,16271,674.0952380952381,1306.2,0.0,,0.0,,,,,
1,Never NPCA,2,100,15484,802.1851851851852,1436.05,0.0,,0.0,,,,,
2,Never NPCA,2,100,17304,1503.0,30.69999999999999,0.0,,0.0,,,,,
3,Never NPCA,2,100,17002,531.5555555555555,1577.6,0.0,,0.0,,,,,
4,Never NPCA,2,100,17406,702.3181818181819,1015.4499999999998,0.0,,0.0,,,,,
5,Never NPCA,2,100,17824,694.4166666666666,887.3499999999999,0.0,,0.0,,,,,
6,Never NPCA,2,100,17486,1149.0,142.1,0.0,,0.0,,,,,
7,Never NPCA,2,100,16163,523.6190476190476,1410.2,0.0,,0.0,,,,,
8,Never NPCA,2,100,16600,724.5833333333334,750.25,0.0,,0.0,,,,,
9,Never NPCA,2,100,16780,485.25,1524.75,0.0,,0.0,,,,,
10,Never NPCA,2,100,15490,643.9,2492.15,0.0,,0.0,,,,,
11,Never NPCA,2,100,16269,739.9090909090909,737.0500000000001,0.0,,0.0,,,,,
12,Never NPCA,2,100,16212,676.7272727272727,626.8,0.0,,0.0,,,,,
13,Never NPCA,2,100,16824,587.9047619047619,1319.6999999999998,0.0,,0.0,,,,,
14,Never NPCA,2,100,17445,1266.5,-53.650000000000006,0.0,,0.0,,,,,
15,Never NPCA,2,100,15304,815.4285714285714,2112.8,0.0,,0.0,,,,,
16,Never NPCA,2,100,16542,671.3,878.7,0.0,,0.0,,,,,
17,Never NPCA,2,100,16285,562.5454545454545,705.6000000000001,0.0,,0.0,,,,,
18,Never NPCA,2,100,16452,602.4,624.8,0.0,,0.0,,,,,
19,Never NPCA,2,100,17178,723.2258064516129,1928.9999999999998,0.0,,0.0,,,,,
20,Never NPCA,2,100,17999,570.55,1330.45,0.0,,0.0,,,,,
21,Never NPCA,2,100,16378,585.9545454545455,1282.45,0.0,,0.0,,,,,
22,Never NPCA,2,100,15816,660.625,3195.7499999999995,0.0,,0.0,,,,,
23,Never NPCA,2,100,16922,706.6470588235294,903.3499999999998,0.0,,0.0,,,,,
24,Never NPCA,2,100,16854,637.1333333333333,2439.2999999999997,0.0,,0.0,,,,,
25,Never NPCA,2,100,16602,583.7,1492.3000000000002,0.0,,0.0,,,,,
26,Never NPCA,2,100,16875,642.1818181818181,553.8,0.0,,0.0,,,,,
27,Never NPCA,2,100,16795,524.8636363636364,1457.65,0.0,,0.0,,,,,
28,Never NPCA,2,100,17671,0.0,0.0,0.0,,0.0,,,,,
29,Never NPCA,2,100,16733,457.14285714285717,987.0,0.0,,0.0,,,,,
30,Never NPCA,2,100,17177,386.3636363636364,486.49999999999994,0.0,,0.0,,,,,
31,Never NPCA,2,100,16925,590.8,835.5999999999999,0.0,,0.0,,,,,
32,Never NPCA,2,100,18025,451.09090909090907,733.8999999999999,0.0,,0.0,,,,,
33,Never NPCA,2,100,17744,460.4,463.8,0.0,,0.0,,,,,
34,Never NPCA,2,100,17415,445.9,449.05,0.0,,0.0,,,,,
35,Never NPCA,2,100,17925,0.0,0.0,0.0,,0.0,,,,,
36,Never NPCA,2,100,16330,783.0,852.5,0.0,,0.0,,,,,
37,Never NPCA,2,100,16552,872.0952380952381,1492.3000000000002,0.0,,0.0,,,,,
38,Never NPCA,2,100,17387,0.0,0.0,0.0,,0.0,,,,,
39,Never NPCA,2,100,16335,0.0,0.0,0.0,,0.0,,,,,
40,Never NPCA,2,100,17587,848.7,952.6499999999999,0.0,,0.0,,,,,
41,Never NPCA,2,100,17745,605.6,1257.3999999999999,0.0,,0.0,,,,,
42,Never NPCA,2,100,16120,672.2,819.9,0.0,,0.0,,,,,
43,Never NPCA,2,100,17268,492.7,1636.3,0.0,,0.0,,,,,
44,Never NPCA,2,100,17002,666.1,755.95,0.0,,0.0,,,,,
45,Never NPCA,2,100,16904,819.5,949.25,0.0,,0.0,,,,,
46,Never NPCA,2,100,17678,583.3,1560.6999999999998,0.0,,0.0,,,,,
47,Never NPCA,2,100,16905,738.2105263157895,1477.6999999999998,0.0,,0.0,,,,,
48,Never NPCA,2,100,16288,647.84,2083.2,0.0,,0.0,,,,,
49,Never NPCA,2,100,15530,600.4,1304.6,0.0,,0.0,,,,,
50,Never NPCA,2,100,16200,763.2272727272727,1316.4499999999998,0.0,,0.0,,,,,
51,Never NPCA,2,100,18270,557.7,1448.3000000000002,0.0,,0.0,,,,,
52,Never NPCA,2,100,18390,560.1,892.95,0.0,,0.0,,,,,
53,Never NPCA,2,100,16317,676.75,1643.25,0.0,,0.0,,,,,
54,Never NPCA,2,100,16763,468.4166666666667,531.9499999999999,0.0,,0.0,,,,,
55,Never NPCA,2,100,16619,611.0333333333333,2254.45,0.0,,0.0,,,,,
56,Never NPCA,2,100,15253,554.7666666666667,1914.8499999999997,0.0,,0.0,,,,,
57,Never NPCA,2,100,16314,643.9,821.05,0.0,,0.0,,,,,
58,Never NPCA,2,100,17970,597.0,55.15,0.0,,0.0,,,,,
59,Never NPCA,2,100,18462,678.0,511.0,0.0,,0.0,,,,,
60,Never NPCA,2,100,17699,0.0,0.0,0.0,,0.0,,,,,
61,Never NPCA,2,100,18200,0.0,0.0,0.0,,0.0,,,,,
62,Never NPCA,2,100,15930,0.0,0.0,0.0,,0.0,,,,,
63,Never NPCA,2,100,16100,947.6,811.1999999999999,0.0,,0.0,,,,,
64,Never NPCA,2,100,15267,714.2,1506.7,0.0,,0.0,,,,,
65,Never NPCA,2,100,16962,781.9629629629629,2120.35,0.0,,0.0,,,,,
66,Never NPCA,2,100,18170,903.9090909090909,803.8499999999999,0.0,,0.0,,,,,
67,Never NPCA,2,100,17109,745.7272727272727,930.8499999999999,0.0,,0.0,,,,,
68,Never NPCA,2,100,17652,904.0,2.599999999999998,0.0,,0.0,,,,,
69,Never NPCA,2,100,19462,0.0,0.0,0.0,,0.0,,,,,
70,Never NPCA,2,100,16923,720.65,1479.35,0.0,,0.0,,,,,
71,Never NPCA,2,100,18172,665.1428571428571,1424.8,0.0,,0.0,,,,,
72,Never NPCA,2,100,17472,604.4,921.8,0.0,,0.0,,,,,
73,Never NPCA,2,100,16277,712.5,1126.5,0.0,,0.0,,,,,
74,Never NPCA,2,100,16992,608.7,1744.3000000000002,0.0,,0.0,,,,,
75,Never NPCA,2,100,17605,508.1904761904762,1176.3999999999996,0.0,,0.0,,,,,
76,Never NPCA,2,100,17220,874.4285714285714,835.9,0.0,,0.0,,,,,
77,Never NPCA,2,100,16905,591.1428571428571,1766.4999999999998,0.0,,0.0,,,,,
78,Never NPCA,2,100,17960,0.0,0.0,0.0,,0.0,,,,,
79,Never NPCA,2,100,17957,307.3,181.34999999999997,0.0,,0.0,,,,,
80,Never NPCA,2,100,17439,514.7272727272727,669.9,0.0,,0.0,,,,,
81,Never NPCA,2,100,17381,100.0,73.0,0.0,,0.0,,,,,
82,Never NPCA,2,100,16815,580.5,752.75,0.0,,0.0,,,,,
83,Never NPCA,2,100,17353,635.6666666666666,1880.55,0.0,,0.0,,,,,
84,Never NPCA,2,100,15621,574.4285714285714,789.85,0.0,,0.0,,,,,
85,Never NPCA,2,100,17423,685.1818181818181,707.1500000000001,0.0,,0.0,,,,,
86,Never NPCA,2,100,17673,0.0,0.0,0.0,,0.0,,,,,
87,Never NPCA,2,100,15332,596.8181818181819,1230.5,0.0,,0.0,,,,,
88,Never NPCA,2,100,17826,655.0,1263.75,0.0,,0.0,,,,,
89,Never NPCA,2,100,17040,657.5454545454545,1358.7,0.0,,0.0,,,,,
90,Never NPCA,2,100,16519,783.5555555555555,613.4000000000001,0.0,,0.0,,,,,
91,Never NPCA,2,100,15301,1536.0,-32.80000000000001,0.0,,0.0,,,,,
92,Never NPCA,2,100,15375,609.95,1336.05,0.0,,0.0,,,,,
93,Never NPCA,2,100,16150,0.0,0.0,0.0,,0.0,,,,,
94,Never NPCA,2,100,15606,0.0,0.0,0.0,,0.0,,,,,
95,Never NPCA,2,100,16951,0.0,0.0,0.0,,0.0,,,,,
96,Never NPCA,2,100,17745,0.0,0.0,0.0,,0.0,,,,,
97,Never NPCA,2,100,17284,1054.0666666666666,1043.45,0.0,,0.0,,,,,
98,Never NPCA,2,100,17270,585.0,55.75,0.0,,0.0,,,,,
99,Never NPCA,2,100,17220,725.6,575.2,0.0,,0.0,,,,,
100,Never NPCA,2,100,16648,482.09090909090907,360.84999999999997,0.0,,0.0,,,,,
101,Never NPCA,2,100,18297,0.0,0.0,0.0,,0.0,,,,,
102,Never NPCA,2,100,17569,676.3,485.84999999999997,0.0,,0.0,,,,,
103,Never NPCA,2,100,17952,1739.0,-65.95,0.0,,0.0,,,,,
104,Never NPCA,2,100,17047,0.0,0.0,0.0,,0.0,,,,,
105,Never NPCA,2,100,16421,0.0,0.0,0.0,,0.0,,,,,
106,Never NPCA,2,100,17844,1667.0,-7.3500000000000085,0.0,,0.0,,,,,
107,Never NPCA,2,100,17493,653.0,2698.0999999999995,0.0,,0.0,,,,,
108,Never NPCA,2,100,15878,569.7857142857143,1641.2999999999997,0.0,,0.0,,,,,
109,Never NPCA,2,100,18159,0.0,0.0,0.0,,0.0,,,,,
110,Never NPCA,2,100,16327,904.4,803.8,0.0,,0.0,,,,,
111,Never NPCA,2,100,16838,547.6363636363636,1042.8000000000002,0.0,,0.0,,,,,
112,Never NPCA,2,100,17318,547.4727272727273,3468.45,0.0,,0.0,,,,,
113,Never NPCA,2,100,16359,0.0,0.0,0.0,,0.0,,,,,
114,Never NPCA,2,100,17165,570.45,1587.5500000000002,0.0,,0.0,,,,,
115,Never NPCA,2,100,16911,0.0,0.0,0.0,,0.0,,,,,
116,Never NPCA,2,100,15609,0.0,0.0,0.0,,0.0,,,,,
117,Never NPCA,2,100,17488,450.1,1762.8999999999996,0.0,,0.0,,,,,
118,Never NPCA,2,100,17516,489.2857142857143,859.25,0.0,,0.0,,,,,
119,Never NPCA,2,100,15970,631.82,3009.45,0.0,,0.0,,,,,
120,Never NPCA,2,100,15133,677.3666666666667,2030.9499999999998,0.0,,0.0,,,,,
121,Never NPCA,2,100,17014,689.5,593.25,0.0,,0.0,,,,,
122,Never NPCA,2,100,16945,24.0,966.1999999999998,0.0,,0.0,,,,,
123,Never NPCA,2,100,17175,700.25,1744.75,0.0,,0.0,,,,,
124,Never NPCA,2,100,16572,779.7272727272727,850.1500000000001,0.0,,0.0,,,,,
125,Never NPCA,2,100,18021,752.6,1649.3999999999996,0.0,,0.0,,,,,
126,Never NPCA,2,100,16188,773.5454545454545,560.55,0.0,,0.0,,,,,
127,Never NPCA,2,100,16737,659.4,1489.6,0.0,,0.0,,,,,
128,Never NPCA,2,100,16425,499.6363636363636,454.19999999999993,0.0,,0.0,,,,,
129,Never NPCA,2,100,17747,577.9,719.05,0.0,,0.0,,,,,
130,Never NPCA,2,100,16014,769.4666666666667,894.9,0.0,,0.0,,,,,
131,Never NPCA,2,100,17157,589.0967741935484,2249.9,0.0,,0.0,,,,,
132,Never NPCA,2,100,15799,694.8235294117648,485.3999999999999,0.0,,0.0,,,,,
133,Never NPCA,2,100,15452,950.25,1368.7499999999998,0.0,,0.0,,,,,
134,Never NPCA,2,100,18401,413.0,506.5,0.0,,0.0,,,,,
135,Never NPCA,2,100,16290,1258.0,20.099999999999994,0.0,,0.0,,,,,
136,Never NPCA,2,100,17844,473.6,549.2,0.0,,0.0,,,,,
137,Never NPCA,2,100,16789,393.39130434782606,1235.6000000000001,0.0,,0.0,,,,,
138,Never NPCA,2,100,16189,868.7,724.65,0.0,,0.0,,,,,
139,Never NPCA,2,100,15979,618.8048780487804,2634.45,0.0,,0.0,,,,,
140,Never NPCA,2,100,16929,643.05,1376.95,0.0,,0.0,,,,,
141,Never NPCA,2,100,14898,685.5357142857143,1813.25,0.0,,0.0,,,,,
142,Never NPCA,2,100,17534,0.0,0.0,0.0,,0.0,,,,,
143,Never NPCA,2,100,17078,654.65,1785.3500000000001,0.0,,0.0,,,,,
144,Never NPCA,2,100,14695,695.483870967742,1691.0000000000002,0.0,,0.0,,,,,
145,Never NPCA,2,100,17549,580.6,613.7,0.0,,0.0,,,,,
146,Never NPCA,2,100,15346,689.1,1507.8999999999999,0.0,,0.0,,,,,
147,Never NPCA,2,100,16501,756.375,1603.35,0.0,,0.0,,,,,
148,Never NPCA,2,100,16810,839.4666666666667,919.4,0.0,,0.0,,,,,
149,Never NPCA,2,100,15932,748.9166666666666,2870.9500000000007,0.0,,0.0,,,,,
150,Never NPCA,2,100,18275,158.0,86.1,0.0,,0.0,,,,,
151,Never NPCA,2,100,16158,532.2857142857143,2164.0999999999995,0.0,,0.0,,,,,
152,Never NPCA,2,100,17959,0.0,0.0,0.0,,0.0,,,,,
153,Never NPCA,2,100,17606,726.2,1355.8,0.0,,0.0,,,,,
154,Never NPCA,2,100,18732,629.3,858.3500000000001,0.0,,0.0,,,,,
155,Never NPCA,2,100,17548,456.90909090909093,732.7,0.0,,0.0,,,,,
156,Never NPCA,2,100,15657,687.9333333333333,1814.1000000000001,0.0,,0.0,,,,,
157,Never NPCA,2,100,18116,620.0,1747.0,0.0,,0.0,,,,,
158,Never NPCA,2,100,17797,0.0,0.0,0.0,,0.0,,,,,
159,Never NPCA,2,100,16689,496.7,525.65,0.0,,0.0,,,,,
160,Never NPCA,2,100,17529,868.0769230769231,551.7499999999999,0.0,,0.0,,,,,
161,Never NPCA,2,100,16470,498.0,705.9,0.0,,0.0,,,,,
162,Never NPCA,2,100,16428,660.551724137931,1873.1999999999998,0.0,,0.0,,,,,
163,Never NPCA,2,100,16167,635.8571428571429,1251.35,0.0,,0.0,,,,,
164,Never NPCA,2,100,15881,677.5,1057.25,0.0,,0.0,,,,,
165,Never NPCA,2,100,16742,773.8571428571429,1479.45,0.0,,0.0,,,,,
166,Never NPCA,2,100,16532,660.4615384615385,702.6999999999999,0.0,,0.0,,,,,
167,Never NPCA,2,100,17012,674.3235294117648,2123.6499999999996,0.0,,0.0,,,,,
168,Never NPCA,2,100,16071,608.6451612903226,2157.6,0.0,,0.0,,,,,
169,Never NPCA,2,100,16591,732.25,1677.75,0.0,,0.0,,,,,
170,Never NPCA,2,100,16981,542.4545454545455,510.6499999999999,0.0,,0.0,,,,,
171,Never NPCA,2,100,17062,707.4666666666667,1628.8,0.0,,0.0,,,,,
172,Never NPCA,2,100,16423,530.7692307692307,630.0,0.0,,0.0,,,,,
173,Never NPCA,2,100,17642,418.57142857142856,1573.4999999999998,0.0,,0.0,,,,,
174,Never NPCA,2,100,17001,544.2,633.9,0.0,,0.0,,,,,
175,Never NPCA,2,100,16981,607.8536585365854,3110.8999999999996,0.0,,0.0,,,,,
176,Never NPCA,2,100,16696,805.90625,2356.5499999999997,0.0,,0.0,,,,,
177,Never NPCA,2,100,16767,741.45,1628.5500000000002,0.0,,0.0,,,,,
178,Never NPCA,2,100,16843,0.0,0.0,0.0,,0.0,,,,,
179,Never NPCA,2,100,16171,785.75,1699.9499999999998,0.0,,0.0,,,,,
180,Never NPCA,2,100,17108,703.7692307692307,546.55,0.0,,0.0,,,,,
181,Never NPCA,2,100,18861,0.0,0.0,0.0,,0.0,,,,,
182,Never NPCA,2,100,17732,631.9,576.0499999999998,0.0,,0.0,,,,,
183,Never NPCA,2,100,16944,702.4761904761905,913.4,0.0,,0.0,,,,,
184,Never NPCA,2,100,18095,0.0,0.0,0.0,,0.0,,,,,
185,Never NPCA,2,100,17237,297.1,995.4499999999999,0.0,,0.0,,,,,
186,Never NPCA,2,100,15117,707.8571428571429,1820.0,0.0,,0.0,,,,,
187,Never NPCA,2,100,18131,578.3333333333334,1810.5,0.0,,0.0,,,,,
188,Never NPCA,2,100,17288,641.65,1598.3500000000004,0.0,,0.0,,,,,
189,Never NPCA,2,100,16519,627.4545454545455,552.9000000000001,0.0,,0.0,,,,,
190,Never NPCA,2,100,15041,618.7954545454545,2853.6500000000005,0.0,,0.0,,,,,
191,Never NPCA,2,100,16440,623.4,2453.2,0.0,,0.0,,,,,
192,Never NPCA,2,100,19262,81.0,1005.5000000000002,0.0,,0.0,,,,,
193,Never NPCA,2,100,17562,660.1875,973.85,0.0,,0.0,,,,,
194,Never NPCA,2,100,16030,523.9,717.05,0.0,,0.0,,,,,
195,Never NPCA,2,100,17286,651.7272727272727,697.5500000000001,0.0,,0.0,,,,,
196,Never NPCA,2,100,17637,437.9,739.0499999999998,0.0,,0.0,,,,,
197,Never NPCA,2,100,16265,663.1,447.45,0.0,,0.0,,,,,
198,Never NPCA,2,100,16655,0.0,0.0,0.0,,0.0,,,,,
199,Never NPCA,2,100,16797,886.0,23.099999999999994,0.0,,0.0,,,,,
200,Never NPCA,2,100,16724,749.6666666666666,1250.85,0.0,,0.0,,,,,
201,Never NPCA,2,100,18480,0.0,0.0,0.0,,0.0,,,,,
202,Never NPCA,2,100,17030,0.0,0.0,0.0,,0.0,,,,,
203,Never NPCA,2,100,17648,768.5,350.75,0.0,,0.0,,,,,
204,Never NPCA,2,100,16529,830.2857142857143,953.8,0.0,,0.0,,,,,
205,Never NPCA,2,100,18372,0.0,0.0,0.0,,0.0,,,,,
206,Never NPCA,2,100,17287,576.5454545454545,694.9,0.0,,0.0,,,,,
207,Never NPCA,2,100,17064,588.2,2213.7000000000003,0.0,,0.0,,,,,
208,Never NPCA,2,100,18615,677.6,741.1999999999999,0.0,,0.0,,,,,
209,Never NPCA,2,100,16673,715.3333333333334,919.1,0.0,,0.0,,,,,
210,Never NPCA,2,100,16498,0.0,0.0,0.0,,0.0,,,,,
211,Never NPCA,2,100,16753,0.0,0.0,0.0,,0.0,,,,,
212,Never NPCA,2,100,19025,604.3,1569.6999999999998,0.0,,0.0,,,,,
213,Never NPCA,2,100,15921,806.1904761904761,1368.5,0.0,,0.0,,,,,
214,Never NPCA,2,100,16408,583.9666666666667,2229.05,0.0,,0.0,,,,,
215,Never NPCA,2,100,16478,615.2,509.4,0.0,,0.0,,,,,
216,Never NPCA,2,100,16906,869.9090909090909,491.55,0.0,,0.0,,,,,
217,Never NPCA,2,100,16967,0.0,0.0,0.0,,0.0,,,,,
218,Never NPCA,2,100,18477,348.6666666666667,1579.1999999999998,0.0,,0.0,,,,,
219,Never NPCA,2,100,16921,420.1818181818182,336.9,0.0,,0.0,,,,,
220,Never NPCA,2,100,17599,365.6190476190476,1724.1000000000001,0.0,,0.0,,,,,
221,Never NPCA,2,100,16858,558.15,1491.8500000000001,0.0,,0.0,,,,,
222,Never NPCA,2,100,19066,549.9,1950.1000000000001,0.0,,0.0,,,,,
223,Never NPCA,2,100,17024,690.9,987.5500000000001,0.0,,0.0,,,,,
224,Never NPCA,2,100,15555,702.0,863.8000000000001,0.0,,0.0,,,,,
225,Never NPCA,2,100,16117,593.4516129032259,2187.15,0.0,,0.0,,,,,
226,Never NPCA,2,100,17380,556.85,1507.1499999999999,0.0,,0.0,,,,,
227,Never NPCA,2,100,17023,565.4,927.2999999999998,0.0,,0.0,,,,,
228,Never NPCA,2,100,17340,742.5,705.75,0.0,,0.0,,,,,
229,Never NPCA,2,100,15789,633.9285714285714,1175.5,0.0,,0.0,,,,,
230,Never NPCA,2,100,18008,821.2727272727273,1078.2999999999997,0.0,,0.0,,,,,
231,Never NPCA,2,100,16944,1789.0,29.099999999999994,0.0,,0.0,,,,,
232,Never NPCA,2,100,16268,947.0,735.5,0.0,,0.0,,,,,
233,Never NPCA,2,100,15871,707.8095238095239,1408.8,0.0,,0.0,,,,,
234,Never NPCA,2,100,16544,701.9090909090909,786.95,0.0,,0.0,,,,,
235,Never NPCA,2,100,15248,510.1333333333333,1745.8000000000002,0.0,,0.0,,,,,
236,Never NPCA,2,100,19335,722.9,869.55,0.0,,0.0,,,,,
237,Never NPCA,2,100,15869,628.0645161290323,2036.4999999999998,0.0,,0.0,,,,,
238,Never NPCA,2,100,16518,506.5238095238095,988.1500000000001,0.0,,0.0,,,,,
239,Never NPCA,2,100,16962,689.5,1957.7499999999998,0.0,,0.0,,,,,
240,Never NPCA,2,100,17184,723.1428571428571,1621.7,0.0,,0.0,,,,,
241,Never NPCA,2,100,16021,663.2333333333333,2354.15,0.0,,0.0,,,,,
242,Never NPCA,2,100,17175,708.8,600.6,0.0,,0.0,,,,,
243,Never NPCA,2,100,16889,644.35,1500.6499999999999,0.0,,0.0,,,,,
244,Never NPCA,2,100,16579,842.5,849.7499999999999,0.0,,0.0,,,,,
245,Never NPCA,2,100,15904,676.0,406.0,0.0,,0.0,,,,,
246,Never NPCA,2,100,17861,652.1818181818181,542.3,0.0,,0.0,,,,,
247,Never NPCA,2,100,16762,258.8,956.5999999999999,0.0,,0.0,,,,,
248,Never NPCA,2,100,18561,488.2,829.9,0.0,,0.0,,,,,
249,Never NPCA,2,100,16426,668.0,37.6,0.0,,0.0,,,,,
250,Never NPCA,2,100,16729,666.0689655172414,2371.1999999999994,0.0,,0.0,,,,,
251,Never NPCA,2,100,16438,616.5,1127.75,0.0,,0.0,,,,,
252,Never NPCA,2,100,16709,645.3333333333334,749.8,0.0,,0.0,,,,,
253,Never NPCA,2,100,16915,1047.5,788.2499999999999,0.0,,0.0,,,,,
254,Never NPCA,2,100,16758,663.9166666666666,645.65,0.0,,0.0,,,,,
255,Never NPCA,2,100,17762,448.4,725.8000000000001,0.0,,0.0,,,,,
256,Never NPCA,2,100,15695,355.7,395.1500000000001,0.0,,0.0,,,,,
257,Never NPCA,2,100,17827,649.3333333333334,579.4,0.0,,0.0,,,,,
258,Never NPCA,2,100,17300,818.3,979.8500000000001,0.0,,0.0,,,,,
259,Never NPCA,2,100,16354,508.4,916.5999999999999,0.0,,0.0,,,,,
260,Never NPCA,2,100,17094,466.6,1511.4,0.0,,0.0,,,,,
261,Never NPCA,2,100,16208,260.6666666666667,162.89999999999998,0.0,,0.0,,,,,
262,Never NPCA,2,100,14867,317.3809523809524,1850.7499999999998,0.0,,0.0,,,,,
263,Never NPCA,2,100,16489,730.8,839.6,0.0,,0.0,,,,,
264,Never NPCA,2,100,16464,0.0,0.0,0.0,,0.0,,,,,
265,Never NPCA,2,100,16059,832.6,771.7,0.0,,0.0,,,,,
266,Never NPCA,2,100,17893,0.0,0.0,0.0,,0.0,,,,,
267,Never NPCA,2,100,15282,591.1904761904761,1035.2499999999998,0.0,,0.0,,,,,
268,Never NPCA,2,100,17870,485.27777777777777,1256.25,0.0,,0.0,,,,,
269,Never NPCA,2,100,16623,715.025641025641,1959.6999999999998,0.0,,0.0,,,,,
270,Never NPCA,2,100,16038,1565.0,-8.25,0.0,,0.0,,,,,
271,Never NPCA,2,100,15629,676.952380952381,2308.4,0.0,,0.0,,,,,
272,Never NPCA,2,100,17846,504.3,784.85,0.0,,0.0,,,,,
273,Never NPCA,2,100,16295,614.2857142857143,2308.9999999999995,0.0,,0.0,,,,,
274,Never NPCA,2,100,16499,563.1666666666666,2282.25,0.0,,0.0,,,,,
275,Never NPCA,2,100,17498,592.72,1684.1000000000001,0.0,,0.0,,,,,
276,Never NPCA,2,100,16753,696.1666666666666,664.3,0.0,,0.0,,,,,
277,Never NPCA,2,100,16138,723.0416666666666,1589.3499999999997,0.0,,0.0,,,,,
278,Never NPCA,2,100,15792,463.1818181818182,534.25,0.0,,0.0,,,,,
279,Never NPCA,2,100,16852,864.0,611.8000000000001,0.0,,0.0,,,,,
280,Never NPCA,2,100,17118,928.4,824.7999999999998,0.0,,0.0,,,,,
281,Never NPCA,2,100,17975,888.6,774.7,0.0,,0.0,,,,,
282,Never NPCA,2,100,17696,603.0,816.5,0.0,,0.0,,,,,
283,Never NPCA,2,100,17467,103.0,650.5000000000001,0.0,,0.0,,,,,
284,Never NPCA,2,100,17364,535.4285714285714,1069.8,0.0,,0.0,,,,,
285,Never NPCA,2,100,16622,714.6842105263158,1369.05,0.0,,0.0,,,,,
286,Never NPCA,2,100,18643,291.4,568.3,0.0,,0.0,,,,,
287,Never NPCA,2,100,16518,674.2,1261.8000000000002,0.0,,0.0,,,,,
288,Never NPCA,2,100,15587,658.54,2601.65,0.0,,0.0,,,,,
289,Never NPCA,2,100,16946,624.7,1606.3,0.0,,0.0,,,,,
290,Never NPCA,2,100,17195,523.0322580645161,1367.3,0.0,,0.0,,,,,
291,Never NPCA,2,100,18185,1552.0,10.399999999999991,0.0,,0.0,,,,,
292,Never NPCA,2,100,16337,257.4,861.3,0.0,,0.0,,,,,
293,Never NPCA,2,100,16952,781.4,779.3,0.0,,0.0,,,,,
294,Never NPCA,2,100,16771,475.5652173913044,1989.1000000000001,0.0,,0.0,,,,,
295,Never NPCA,2,100,17233,685.35,1783.6499999999999,0.0,,0.0,,,,,
296,Never NPCA,2,100,15498,569.1666666666666,1130.7500000000002,0.0,,0.0,,,,,
297,Never NPCA,2,100,17443,748.0,712.0,0.0,,0.0,,,,,
298,Never NPCA,2,100,15889,666.9677419354839,2203.2,0.0,,0.0,,,,,
299,Never NPCA,2,100,15977,676.28,1542.65,0.0,,0.0,,,,,
300,Never NPCA,2,100,16789,582.8181818181819,454.45000000000005,0.0,,0.0,,,,,
301,Never NPCA,2,100,16594,557.45,2300.5499999999997,0.0,,0.0,,,,,
302,Never NPCA,2,100,18461,0.0,0.0,0.0,,0.0,,,,,
303,Never NPCA,2,100,18498,0.0,0.0,0.0,,0.0,,,,,
304,Never NPCA,2,100,16360,1210.5,-47.05000000000001,0.0,,0.0,,,,,
305,Never NPCA,2,100,17313,780.8571428571429,1665.1000000000001,0.0,,0.0,,,,,
306,Never NPCA,2,100,17525,0.0,0.0,0.0,,0.0,,,,,
307,Never NPCA,2,100,18274,2151.0,-48.55000000000001,0.0,,0.0,,,,,
308,Never NPCA,2,100,17528,0.0,0.0,0.0,,0.0,,,,,
309,Never NPCA,2,100,16537,700.0,1174.0,0.0,,0.0,,,,,
310,Never NPCA,2,100,15985,527.3103448275862,1930.4,0.0,,0.0,,,,,
311,Never NPCA,2,100,16677,865.8333333333334,767.5000000000001,0.0,,0.0,,,,,
312,Never NPCA,2,100,17070,1329.0,-4.900000000000013,0.0,,0.0,,,,,
313,Never NPCA,2,100,15831,841.2,843.3999999999999,0.0,,0.0,,,,,
314,Never NPCA,2,100,17511,680.0,-44.0,0.0,,0.0,,,,,
315,Never NPCA,2,100,17547,667.6842105263158,1461.6999999999998,0.0,,0.0,,,,,
316,Never NPCA,2,100,16300,1061.5454545454545,511.15,0.0,,0.0,,,,,
317,Never NPCA,2,100,16634,0.0,0.0,0.0,,0.0,,,,,
318,Never NPCA,2,100,16290,562.5714285714286,1094.3,0.0,,0.0,,,,,
319,Never NPCA,2,100,17056,586.0,884.8999999999997,0.0,,0.0,,,,,
320,Never NPCA,2,100,18154,0.0,0.0,0.0,,0.0,,,,,
321,Never NPCA,2,100,15718,677.375,3075.25,0.0,,0.0,,,,,
322,Never NPCA,2,100,17232,579.0,1432.0500000000002,0.0,,0.0,,,,,
323,Never NPCA,2,100,15854,0.0,0.0,0.0,,0.0,,,,,
324,Never NPCA,2,100,18745,549.4545454545455,780.8000000000001,0.0,,0.0,,,,,
325,Never NPCA,2,100,15143,943.05,1293.95,0.0,,0.0,,,,,
326,Never NPCA,2,100,16871,706.6363636363636,694.3499999999999,0.0,,0.0,,,,,
327,Never NPCA,2,100,16382,613.0,612.5,0.0,,0.0,,,,,
328,Never NPCA,2,100,16983,667.5,1188.4999999999998,0.0,,0.0,,,,,
329,Never NPCA,2,100,17243,400.1,728.95,0.0,,0.0,,,,,
330,Never NPCA,2,100,16076,0.0,0.0,0.0,,0.0,,,,,
331,Never NPCA,2,100,16233,687.5,648.5,0.0,,0.0,,,,,
332,Never NPCA,2,100,15920,908.1818181818181,899.5000000000001,0.0,,0.0,,,,,
333,Never NPCA,2,100,18750,522.3333333333334,1424.55,0.0,,0.0,,,,,
334,Never NPCA,2,100,17231,632.8125,2106.5,0.0,,0.0,,,,,
335,Never NPCA,2,100,17110,1974.0,-84.7,0.0,,0.0,,,,,
336,Never NPCA,2,100,17327,601.0,1720.0,0.0,,0.0,,,,,
337,Never NPCA,2,100,18908,0.0,0.0,0.0,,0.0,,,,,
338,Never NPCA,2,100,17301,671.4285714285714,638.9999999999999,0.0,,0.0,,,,,
339,Never NPCA,2,100,15944,800.65,1473.3500000000001,0.0,,0.0,,,,,
340,Never NPCA,2,100,16917,753.0,23.699999999999996,0.0,,0.0,,,,,
341,Never NPCA,2,100,17186,672.55,1880.4499999999998,0.0,,0.0,,,,,
342,Never NPCA,2,100,17238,634.8,1380.1999999999998,0.0,,0.0,,,,,
343,Never NPCA,2,100,16461,0.0,0.0,0.0,,0.0,,,,,
344,Never NPCA,2,100,16985,0.0,0.0,0.0,,0.0,,,,,
345,Never NPCA,2,100,17194,669.7241379310345,1748.9,0.0,,0.0,,,,,
346,Never NPCA,2,100,15895,569.3939393939394,2495.5,0.0,,0.0,,,,,
347,Never NPCA,2,100,17187,626.55,1288.4500000000003,0.0,,0.0,,,,,
348,Never NPCA,2,100,17150,407.1,673.4499999999999,0.0,,0.0,,,,,
349,Never NPCA,2,100,16351,793.3157894736842,1220.35,0.0,,0.0,,,,,
350,Never NPCA,2,100,16409,539.6666666666666,467.15,0.0,,0.0,,,,,
351,Never NPCA,2,100,17104,835.2,1069.3999999999999,0.0,,0.0,,,,,
352,Never NPCA,2,100,15770,581.7586206896551,1744.4500000000003,0.0,,0.0,,,,,
353,Never NPCA,2,100,15700,440.4375,1752.3,0.0,,0.0,,,,,
354,Never NPCA,2,100,15912,0.0,0.0,0.0,,0.0,,,,,
355,Never NPCA,2,100,16177,642.1,596.95,0.0,,0.0,,,,,
356,Never NPCA,2,100,15689,701.3,506.35,0.0,,0.0,,,,,
357,Never NPCA,2,100,16021,691.2222222222222,1478.8500000000001,0.0,,0.0,,,,,
358,Never NPCA,2,100,18814,566.1111111111111,575.2499999999999,0.0,,0.0,,,,,
359,Never NPCA,2,100,17399,663.8461538461538,678.5000000000001,0.0,,0.0,,,,,
360,Never NPCA,2,100,17207,677.75,1593.25,0.0,,0.0,,,,,
361,Never NPCA,2,100,16470,531.9473684210526,1040.65,0.0,,0.0,,,,,
362,Never NPCA,2,100,16744,660.0434782608696,1567.95,0.0,,0.0,,,,,
363,Never NPCA,2,100,16711,752.5,725.75,0.0,,0.0,,,,,
364,Never NPCA,2,100,15555,709.6981132075472,2930.3,0.0,,0.0,,,,,
365,Never NPCA,2,100,16636,1762.0,-18.10000000000001,0.0,,0.0,,,,,
366,Never NPCA,2,100,17707,0.0,0.0,0.0,,0.0,,,,,
367,Never NPCA,2,100,16056,282.9,999.5500000000002,0.0,,0.0,,,,,
368,Never NPCA,2,100,17361,691.4,675.3,0.0,,0.0,,,,,
369,Never NPCA,2,100,15567,860.4615384615385,654.7,0.0,,0.0,,,,,
370,Never NPCA,2,100,16014,622.6,767.7,0.0,,0.0,,,,,
371,Never NPCA,2,100,15153,779.9,579.05,0.0,,0.0,,,,,
372,Never NPCA,2,100,16545,645.4545454545455,493.99999999999994,0.0,,0.0,,,,,
373,Never NPCA,2,100,17640,586.85,1314.1499999999999,0.0,,0.0,,,,,
374,Never NPCA,2,100,18409,800.2142857142857,1013.8499999999998,0.0,,0.0,,,,,
375,Never NPCA,2,100,17457,726.5,1501.5,0.0,,0.0,,,,,
376,Never NPCA,2,100,17554,933.0,615.5000000000001,0.0,,0.0,,,,,
377,Never NPCA,2,100,17008,650.05,1341.95,0.0,,0.0,,,,,
378,Never NPCA,2,100,16312,515.1428571428571,1100.1,0.0,,0.0,,,,,
379,Never NPCA,2,100,17630,839.4545454545455,927.3000000000002,0.0,,0.0,,,,,
380,Never NPCA,2,100,17574,529.85,1722.1499999999999,0.0,,0.0,,,,,
381,Never NPCA,2,100,17127,426.07142857142856,794.75,0.0,,0.0,,,,,
382,Never NPCA,2,100,16907,630.2,718.9,0.0,,0.0,,,,,
383,Never NPCA,2,100,17062,695.95,1558.05,0.0,,0.0,,,,,
384,Never NPCA,2,100,17452,896.7272727272727,641.8000000000001,0.0,,0.0,,,,,
385,Never NPCA,2,100,16387,678.3809523809524,1582.6999999999998,0.0,,0.0,,,,,
386,Never NPCA,2,100,16805,776.5384615384615,2241.4999999999995,0.0,,0.0,,,,,
387,Never NPCA,2,100,16467,592.85,1496.15,0.0,,0.0,,,,,
388,Never NPCA,2,100,15576,678.5625,3188.45,0.0,,0.0,,,,,
389,Never NPCA,2,100,16094,282.92857142857144,867.95,0.0,,0.0,,,,,
390,Never NPCA,2,100,17186,652.125,2011.75,0.0,,0.0,,,,,
391,Never NPCA,2,100,16648,734.0689655172414,1974.6,0.0,,0.0,,,,,
392,Never NPCA,2,100,17212,494.9,492.54999999999995,0.0,,0.0,,,,,
393,Never NPCA,2,100,18369,1447.0,-86.70000000000002,0.0,,0.0,,,,,
394,Never NPCA,2,100,15945,716.56,1520.3000000000002,0.0,,0.0,,,,,
395,Never NPCA,2,100,17555,635.3,611.35,0.0,,0.0,,,,,
396,Never NPCA,2,100,16935,2282.0,-81.10000000000001,0.0,,0.0,,,,,
397,Never NPCA,2,100,16245,827.5,-56.75000000000001,0.0,,0.0,,,,,
398,Never NPCA,2,100,17418,736.0,1112.8,0.0,,0.0,,,,,
399,Never NPCA,2,100,15536,774.8181818181819,1492.6999999999998,0.0,,0.0,,,,,
400,Never NPCA,2,100,17515,597.8181818181819,1407.3999999999999,0.0,,0.0,,,,,
401,Never NPCA,2,100,17544,639.0,38.05,0.0,,0.0,,,,,
402,Never NPCA,2,100,15919,755.9473684210526,1334.8500000000001,0.0,,0.0,,,,,
403,Never NPCA,2,100,17119,411.22727272727275,1006.6500000000001,0.0,,0.0,,,,,
404,Never NPCA,2,100,17223,1659.0,-49.95,0.0,,0.0,,,,,
405,Never NPCA,2,100,16539,0.0,0.0,0.0,,0.0,,,,,
406,Never NPCA,2,100,17903,594.5,1808.4999999999998,0.0,,0.0,,,,,
407,Never NPCA,2,100,17507,810.3076923076923,840.3,0.0,,0.0,,,,,
408,Never NPCA,2,100,16883,391.3,545.35,0.0,,0.0,,,,,
409,Never NPCA,2,100,18526,574.3921568627451,3460.2999999999997,0.0,,0.0,,,,,
410,Never NPCA,2,100,16397,625.5263157894736,1287.75,0.0,,0.0,,,,,
411,Never NPCA,2,100,16867,470.5,576.7,0.0,,0.0,,,,,
412,Never NPCA,2,100,16486,608.9047619047619,980.6500000000001,0.0,,0.0,,,,,
413,Never NPCA,2,100,16361,523.3666666666667,2406.95,0.0,,0.0,,,,,
414,Never NPCA,2,100,16916,0.0,0.0,0.0,,0.0,,,,,
415,Never NPCA,2,100,16722,494.15,732.8499999999999,0.0,,0.0,,,,,
416,Never NPCA,2,100,18534,460.0,2311.0,0.0,,0.0,,,,,
417,Never NPCA,2,100,17788,706.9,726.55,0.0,,0.0,,,,,
418,Never NPCA,2,100,17214,616.0689655172414,2128.7,0.0,,0.0,,,,,
419,Never NPCA,2,100,17194,410.27272727272725,721.3499999999999,0.0,,0.0,,,,,
420,Never NPCA,2,100,17055,353.5263157894737,1787.15,0.0,,0.0,,,,,
421,Never NPCA,2,100,15986,695.483870967742,2181.0,0.0,,0.0,,,,,
422,Never NPCA,2,100,16869,492.09090909090907,515.3499999999999,0.0,,0.0,,,,,
423,Never NPCA,2,100,16815,741.2727272727273,739.3,0.0,,0.0,,,,,
424,Never NPCA,2,100,16716,917.7,1477.3,0.0,,0.0,,,,,
425,Never NPCA,2,100,18270,0.0,0.0,0.0,,0.0,,,,,
426,Never NPCA,2,100,17979,503.9310344827586,2535.2999999999997,0.0,,0.0,,,,,
427,Never NPCA,2,100,16408,1743.0,-40.150000000000006,0.0,,0.0,,,,,
428,Never NPCA,2,100,16981,627.0,2291.7,0.0,,0.0,,,,,
429,Never NPCA,2,100,16494,577.1739130434783,2144.25,0.0,,0.0,,,,,
430,Never NPCA,2,100,17955,1101.3333333333333,25.799999999999997,0.0,,0.0,,,,,
431,Never NPCA,2,100,15324,653.1666666666666,1888.25,0.0,,0.0,,,,,
432,Never NPCA,2,100,18127,512.4,732.8,0.0,,0.0,,,,,
433,Never NPCA,2,100,16238,653.92,1420.6000000000001,0.0,,0.0,,,,,
434,Never NPCA,2,100,16259,571.3846153846154,2770.8,0.0,,0.0,,,,,
435,Never NPCA,2,100,16568,464.7,1722.3,0.0,,0.0,,,,,
436,Never NPCA,2,100,16562,524.0333333333333,1699.95,0.0,,0.0,,,,,
437,Never NPCA,2,100,17553,785.625,803.7500000000001,0.0,,0.0,,,,,
438,Never NPCA,2,100,15817,812.8809523809524,2844.95,0.0,,0.0,,,,,
439,Never NPCA,2,100,17299,965.5,-6.550000000000004,0.0,,0.0,,,,,
440,Never NPCA,2,100,16198,505.2,899.4000000000001,0.0,,0.0,,,,,
441,Never NPCA,2,100,17359,0.0,0.0,0.0,,0.0,,,,,
442,Never NPCA,2,100,16321,586.7,526.65,0.0,,0.0,,,,,
443,Never NPCA,2,100,17032,942.0833333333334,534.75,0.0,,0.0,,,,,
444,Never NPCA,2,100,16905,449.0,1736.9999999999998,0.0,,0.0,,,,,
445,Never NPCA,2,100,15750,788.7727272727273,1590.35,0.0,,0.0,,,,,
446,Never NPCA,2,100,18703,1222.6666666666667,203.6,0.0,,0.0,,,,,
447,Never NPCA,2,100,17833,611.0,-36.1,0.0,,0.0,,,,,
448,Never NPCA,2,100,16710,618.1818181818181,433.0,0.0,,0.0,,,,,
449,Never NPCA,2,100,16228,697.4324324324324,2628.7499999999995,0.0,,0.0,,,,,
450,Never NPCA,2,100,16848,1330.0,-33.5,0.0,,0.0,,,,,
451,Never NPCA,2,100,15405,743.6969696969697,2926.8999999999996,0.0,,0.0,,,,,
452,Never NPCA,2,100,16105,600.25,1591.75,0.0,,0.0,,,,,
453,Never NPCA,2,100,16568,621.84,1802.7,0.0,,0.0,,,,,
454,Never NPCA,2,100,16031,0.0,0.0,0.0,,0.0,,,,,
455,Never NPCA,2,100,17429,196.5,-19.65,0.0,,0.0,,,,,
456,Never NPCA,2,100,16426,607.85,1409.1499999999999,0.0,,0.0,,,,,
457,Never NPCA,2,100,16269,600.3,2118.55,0.0,,0.0,,,,,
458,Never NPCA,2,100,17183,0.0,0.0,0.0,,0.0,,,,,
459,Never NPCA,2,100,19165,0.0,0.0,0.0,,0.0,,,,,
460,Never NPCA,2,100,16112,561.7666666666667,1935.35,0.0,,0.0,,,,,
461,Never NPCA,2,100,15982,670.551724137931,2225.6999999999994,0.0,,0.0,,,,,
462,Never NPCA,2,100,17305,0.0,0.0,0.0,,0.0,,,,,
463,Never NPCA,2,100,17578,1219.0,47.099999999999994,0.0,,0.0,,,,,
464,Never NPCA,2,100,15807,557.5238095238095,1044.6,0.0,,0.0,,,,,
465,Never NPCA,2,100,17800,612.3333333333334,555.4499999999999,0.0,,0.0,,,,,
466,Never NPCA,2,100,17290,462.4,435.79999999999995,0.0,,0.0,,,,,
467,Never NPCA,2,100,17104,688.9047619047619,1575.6499999999999,0.0,,0.0,,,,,
468,Never NPCA,2,100,17198,442.3,693.85,0.0,,0.0,,,,,
469,Never NPCA,2,100,16851,342.27272727272725,187.75,0.0,,0.0,,,,,
470,Never NPCA,2,100,16637,667.4615384615385,1564.3,0.0,,0.0,,,,,
471,Never NPCA,2,100,16688,0.0,0.0,0.0,,0.0,,,,,
472,Never NPCA,2,100,18002,437.36842105263156,1315.5,0.0,,0.0,,,,,
473,Never NPCA,2,100,17810,1124.0,14.799999999999997,0.0,,0.0,,,,,
474,Never NPCA,2,100,16216,610.7,685.6500000000001,0.0,,0.0,,,,,
475,Never NPCA,2,100,18985,520.0,534.0,0.0,,0.0,,,,,
476,Never NPCA,2,100,16982,626.0555555555555,3221.0999999999995,0.0,,0.0,,,,,
477,Never NPCA,2,100,16354,692.1666666666666,694.7,0.0,,0.0,,,,,
478,Never NPCA,2,100,17018,0.0,0.0,0.0,,0.0,,,,,
479,Never NPCA,2,100,15987,775.94,3572.1499999999996,0.0,,0.0,,,,,
480,Never NPCA,2,100,16701,648.4,1647.6000000000001,0.0,,0.0,,,,,
481,Never NPCA,2,100,16739,646.4347826086956,1346.6000000000001,0.0,,0.0,,,,,
482,Never NPCA,2,100,16147,587.4516129032259,2527.45,0.0,,0.0,,,,,
483,Never NPCA,2,100,16045,579.7777777777778,582.1,0.0,,0.0,,,,,
484,Never NPCA,2,100,16147,920.4,592.6999999999998,0.0,,0.0,,,,,
485,Never NPCA,2,100,17690,623.6,1440.4,0.0,,0.0,,,,,
486,Never NPCA,2,100,17048,679.5,1311.5000000000002,0.0,,0.0,,,,,
487,Never NPCA,2,100,15870,672.4,613.8,0.0,,0.0,,,,,
488,Never NPCA,2,100,17904,0.0,0.0,0.0,,0.0,,,,,
489,Never NPCA,2,100,17352,555.7142857142857,1124.5,0.0,,0.0,,,,,
490,Never NPCA,2,100,15488,619.375,1993.25,0.0,,0.0,,,,,
491,Never NPCA,2,100,16254,0.0,0.0,0.0,,0.0,,,,,
492,Never NPCA,2,100,17579,0.0,0.0,0.0,,0.0,,,,,
493,Never NPCA,2,100,16073,672.24,2060.7,0.0,,0.0,,,,,
494,Never NPCA,2,100,17660,0.0,0.0,0.0,,0.0,,,,,
495,Never NPCA,2,100,15383,713.3157894736842,1131.3500000000001,0.0,,0.0,,,,,
496,Never NPCA,2,100,16857,762.7727272727273,1233.9499999999998,0.0,,0.0,,,,,
497,Never NPCA,2,100,17845,0.0,0.0,0.0,,0.0,,,,,
498,Never NPCA,2,100,15812,544.3333333333334,1449.45,0.0,,0.0,,,,,
499,Never NPCA,2,100,16106,1027.125,419.15,0.0,,0.0,,,,,
500,Never NPCA,2,100,16975,712.55,1766.45,0.0,,0.0,,,,,
501,Never NPCA,2,100,18081,0.0,0.0,0.0,,0.0,,,,,
502,Never NPCA,2,100,16263,716.8,709.6,0.0,,0.0,,,,,
503,Never NPCA,2,100,15866,466.7,976.6499999999999,0.0,,0.0,,,,,
504,Never NPCA,2,100,17997,478.4,1290.6000000000001,0.0,,0.0,,,,,
505,Never NPCA,2,100,15226,766.8571428571429,1363.8,0.0,,0.0,,,,,
506,Never NPCA,2,100,16444,1803.0,-67.30000000000001,0.0,,0.0,,,,,
507,Never NPCA,2,100,16582,657.1,2380.35,0.0,,0.0,,,,,
508,Never NPCA,2,100,17043,647.3333333333334,537.5999999999999,0.0,,0.0,,,,,
509,Never NPCA,2,100,18354,0.0,0.0,0.0,,0.0,,,,,
510,Never NPCA,2,100,17351,743.6363636363636,554.0,0.0,,0.0,,,,,
511,Never NPCA,2,100,15504,715.85,1260.15,0.0,,0.0,,,,,
512,Never NPCA,2,100,17274,764.4827586206897,2014.4999999999995,0.0,,0.0,,,,,
513,Never NPCA,2,100,16894,452.5238095238095,1207.85,0.0,,0.0,,,,,
514,Never NPCA,2,100,17430,736.65,1116.35,0.0,,0.0,,,,,
515,Never NPCA,2,100,17895,533.8571428571429,1046.45,0.0,,0.0,,,,,
516,Never NPCA,2,100,15251,608.3333333333334,1269.75,0.0,,0.0,,,,,
517,Never NPCA,2,100,16025,614.0,752.0,0.0,,0.0,,,,,
518,Never NPCA,2,100,16982,840.2380952380952,1284.75,0.0,,0.0,,,,,
519,Never NPCA,2,100,16636,825.35,1524.65,0.0,,0.0,,,,,
520,Never NPCA,2,100,16771,0.0,0.0,0.0,,0.0,,,,,
521,Never NPCA,2,100,16100,636.3333333333334,0.5499999999999972,0.0,,0.0,,,,,
522,Never NPCA,2,100,17954,0.0,0.0,0.0,,0.0,,,,,
523,Never NPCA,2,100,16387,506.4,644.8000000000001,0.0,,0.0,,,,,
524,Never NPCA,2,100,17254,527.65,1443.3499999999997,0.0,,0.0,,,,,
525,Never NPCA,2,100,18357,590.4761904761905,1219.0,0.0,,0.0,,,,,
526,Never NPCA,2,100,17034,721.6,714.1999999999999,0.0,,0.0,,,,,
527,Never NPCA,2,100,17584,825.0833333333334,661.9500000000002,0.0,,0.0,,,,,
528,Never NPCA,2,100,17800,652.875,3096.2499999999995,0.0,,0.0,,,,,
529,Never NPCA,2,100,18393,673.5,845.25,0.0,,0.0,,,,,
530,Never NPCA,2,100,16535,0.0,0.0,0.0,,0.0,,,,,
531,Never NPCA,2,100,18692,530.4375,1948.3000000000002,0.0,,0.0,,,,,
532,Never NPCA,2,100,17392,669.95,1205.05,0.0,,0.0,,,,,
533,Never NPCA,2,100,18348,2112.0,-61.60000000000001,0.0,,0.0,,,,,
534,Never NPCA,2,100,16981,593.0,1330.35,0.0,,0.0,,,,,
535,Never NPCA,2,100,17082,849.0,-1.9000000000000128,0.0,,0.0,,,,,
536,Never NPCA,2,100,16787,951.0,547.9499999999999,0.0,,0.0,,,,,
537,Never NPCA,2,100,16752,0.0,0.0,0.0,,0.0,,,,,
538,Never NPCA,2,100,19734,1590.0,-2.5,0.0,,0.0,,,,,
539,Never NPCA,2,100,17167,785.1052631578947,1342.15,0.0,,0.0,,,,,
540,Never NPCA,2,100,15989,526.5333333333333,1869.2000000000003,0.0,,0.0,,,,,
541,Never NPCA,2,100,15773,667.1935483870968,1831.85,0.0,,0.0,,,,,
542,Never NPCA,2,100,18194,763.3,813.3500000000001,0.0,,0.0,,,,,
543,Never NPCA,2,100,15172,751.12,1510.1000000000001,0.0,,0.0,,,,,
544,Never NPCA,2,100,16814,573.4,637.3,0.0,,0.0,,,,,
545,Never NPCA,2,100,16104,857.65,1696.3500000000001,0.0,,0.0,,,,,
546,Never NPCA,2,100,15021,838.6,2543.1,0.0,,0.0,,,,,
547,Never NPCA,2,100,15780,626.9230769230769,435.49999999999994,0.0,,0.0,,,,,
548,Never NPCA,2,100,15904,677.9090909090909,475.15000000000003,0.0,,0.0,,,,,
549,Never NPCA,2,100,17488,512.6666666666666,1639.6999999999998,0.0,,0.0,,,,,
550,Never NPCA,2,100,17787,0.0,0.0,0.0,,0.0,,,,,
551,Never NPCA,2,100,18052,736.1111111111111,365.75,0.0,,0.0,,,,,
552,Never NPCA,2,100,18994,589.5,570.25,0.0,,0.0,,,,,
553,Never NPCA,2,100,15993,625.047619047619,1087.7,0.0,,0.0,,,,,
554,Never NPCA,2,100,16146,0.0,0.0,0.0,,0.0,,,,,
555,Never NPCA,2,100,16862,378.35,1160.6499999999999,0.0,,0.0,,,,,
556,Never NPCA,2,100,17186,907.0,865.1499999999999,0.0,,0.0,,,,,
557,Never NPCA,2,100,18031,588.65,1083.35,0.0,,0.0,,,,,
558,Never NPCA,2,100,16844,704.5,786.75,0.0,,0.0,,,,,
559,Never NPCA,2,100,16261,596.75,696.25,0.0,,0.0,,,,,
560,Never NPCA,2,100,16506,595.45,1663.5499999999997,0.0,,0.0,,,,,
561,Never NPCA,2,100,16617,640.0833333333334,503.95000000000005,0.0,,0.0,,,,,
562,Never NPCA,2,100,18373,497.55,1539.45,0.0,,0.0,,,,,
563,Never NPCA,2,100,16996,506.8,1046.2,0.0,,0.0,,,,,
564,Never NPCA,2,100,16488,767.7272727272727,930.75,0.0,,0.0,,,,,
565,Never NPCA,2,100,15772,865.5,557.25,0.0,,0.0,,,,,
566,Never NPCA,2,100,18413,737.0,-14.850000000000001,0.0,,0.0,,,,,
567,Never NPCA,2,100,18106,601.0,927.45,0.0,,0.0,,,,,
568,Never NPCA,2,100,15520,702.0,1235.8999999999999,0.0,,0.0,,,,,
569,Never NPCA,2,100,16884,545.8,627.0999999999999,0.0,,0.0,,,,,
570,Never NPCA,2,100,16161,477.8666666666667,1980.2,0.0,,0.0,,,,,
571,Never NPCA,2,100,16890,578.5,864.7499999999999,0.0,,0.0,,,,,
572,Never NPCA,2,100,17464,484.3103448275862,1938.7500000000002,0.0,,0.0,,,,,
573,Never NPCA,2,100,17595,625.15,1578.85,0.0,,0.0,,,,,
574,Never NPCA,2,100,17322,674.0,731.0,0.0,,0.0,,,,,
575,Never NPCA,2,100,16568,619.4090909090909,1901.6499999999996,0.0,,0.0,,,,,
576,Never NPCA,2,100,16439,0.0,0.0,0.0,,0.0,,,,,
577,Never NPCA,2,100,17871,0.0,0.0,0.0,,0.0,,,,,
578,Never NPCA,2,100,17250,680.6,623.6999999999999,0.0,,0.0,,,,,
579,Never NPCA,2,100,14940,638.0909090909091,745.0500000000001,0.0,,0.0,,,,,
580,Never NPCA,2,100,18226,639.4444444444445,892.25,0.0,,0.0,,,,,
581,Never NPCA,2,100,17859,670.5,866.7499999999999,0.0,,0.0,,,,,
582,Never NPCA,2,100,16791,171.0,24.45,0.0,,0.0,,,,,
583,Never NPCA,2,100,16685,533.0,737.8499999999999,0.0,,0.0,,,,,
584,Never NPCA,2,100,16146,649.8181818181819,867.6,0.0,,0.0,,,,,
585,Never NPCA,2,100,17000,643.45,780.55,0.0,,0.0,,,,,
586,Never NPCA,2,100,17433,731.55,1268.4499999999998,0.0,,0.0,,,,,
587,Never NPCA,2,100,16739,461.9,495.04999999999995,0.0,,0.0,,,,,
588,Never NPCA,2,100,17683,768.6666666666666,678.8000000000001,0.0,,0.0,,,,,
589,Never NPCA,2,100,15877,737.6666666666666,-77.65,0.0,,0.0,,,,,
590,Never NPCA,2,100,18228,706.5,1597.4999999999998,0.0,,0.0,,,,,
591,Never NPCA,2,100,17117,644.2,856.8999999999999,0.0,,0.0,,,,,
592,Never NPCA,2,100,17648,637.5,2073.5,0.0,,0.0,,,,,
593,Never NPCA,2,100,16878,735.3846153846154,985.9999999999999,0.0,,0.0,,,,,
594,Never NPCA,2,100,17224,624.3,441.85,0.0,,0.0,,,,,
595,Never NPCA,2,100,16903,602.2,660.9,0.0,,0.0,,,,,
596,Never NPCA,2,100,17557,826.7777777777778,1306.9000000000003,0.0,,0.0,,,,,
597,Never NPCA,2,100,14666,630.5531914893617,3155.2,0.0,,0.0,,,,,
598,Never NPCA,2,100,16817,696.2285714285714,2482.6,0.0,,0.0,,,,,
599,Never NPCA,2,100,17353,792.6666666666666,1042.3999999999999,0.0,,0.0,,,,,
600,Never NPCA,2,100,16064,682.2258064516129,1894.5500000000002,0.0,,0.0,,,,,
601,Never NPCA,2,100,16854,837.9090909090909,1047.1499999999999,0.0,,0.0,,,,,
602,Never NPCA,2,100,17981,665.5238095238095,1143.2,0.0,,0.0,,,,,
603,Never NPCA,2,100,16225,494.07142857142856,874.15,0.0,,0.0,,,,,
604,Never NPCA,2,100,18080,715.4,680.3,0.0,,0.0,,,,,
605,Never NPCA,2,100,16082,630.3870967741935,3022.8999999999996,0.0,,0.0,,,,,
606,Never NPCA,2,100,16955,0.0,0.0,0.0,,0.0,,,,,
607,Never NPCA,2,100,15722,632.1578947368421,1240.45,0.0,,0.0,,,,,
608,Never NPCA,2,100,17691,570.5833333333334,928.6499999999999,0.0,,0.0,,,,,
609,Never NPCA,2,100,18655,466.0,1310.6,0.0,,0.0,,,,,
610,Never NPCA,2,100,15087,643.9090909090909,1614.7,0.0,,0.0,,,,,
611,Never NPCA,2,100,17083,571.05,1430.95,0.0,,0.0,,,,,
612,Never NPCA,2,100,17659,530.25,2536.5,0.0,,0.0,,,,,
613,Never NPCA,2,100,17968,313.1,623.4499999999999,0.0,,0.0,,,,,
614,Never NPCA,2,100,15429,716.2777777777778,2444.7000000000003,0.0,,0.0,,,,,
615,Never NPCA,2,100,17340,678.5555555555555,485.65,0.0,,0.0,,,,,
616,Never NPCA,2,100,18530,579.9090909090909,814.0500000000001,0.0,,0.0,,,,,
617,Never NPCA,2,100,15695,656.35,1249.6499999999999,0.0,,0.0,,,,,
618,Never NPCA,2,100,18579,332.75,1748.25,0.0,,0.0,,,,,
619,Never NPCA,2,100,17611,0.0,0.0,0.0,,0.0,,,,,
620,Never NPCA,2,100,16763,1575.3333333333333,21.69999999999999,0.0,,0.0,,,,,
621,Never NPCA,2,100,18436,0.0,0.0,0.0,,0.0,,,,,
622,Never NPCA,2,100,17793,647.7058823529412,1212.45,0.0,,0.0,,,,,
623,Never NPCA,2,100,17214,887.8,704.0999999999999,0.0,,0.0,,,,,
624,Never NPCA,2,100,17450,1025.0,-6.000000000000014,0.0,,0.0,,,,,
625,Never NPCA,2,100,17559,1400.0,-21.0,0.0,,0.0,,,,,
626,Never NPCA,2,100,16968,0.0,0.0,0.0,,0.0,,,,,
627,Never NPCA,2,100,17084,696.1,948.9499999999999,0.0,,0.0,,,,,
628,Never NPCA,2,100,17406,730.3,1349.7,0.0,,0.0,,,,,
629,Never NPCA,2,100,16725,781.4375,1266.85,0.0,,0.0,,,,,
630,Never NPCA,2,100,16922,683.3333333333334,112.5,0.0,,0.0,,,,,
631,Never NPCA,2,100,16312,686.025,2321.9500000000003,0.0,,0.0,,,,,
632,Never NPCA,2,100,17506,520.7272727272727,977.5999999999999,0.0,,0.0,,,,,
633,Never NPCA,2,100,16541,597.125,3333.75,0.0,,0.0,,,,,
634,Never NPCA,2,100,18166,827.9,664.0500000000001,0.0,,0.0,,,,,
635,Never NPCA,2,100,17342,0.0,0.0,0.0,,0.0,,,,,
636,Never NPCA,2,100,17259,538.6363636363636,522.75,0.0,,0.0,,,,,
637,Never NPCA,2,100,16316,101.0,65.95,0.0,,0.0,,,,,
638,Never NPCA,2,100,18014,535.7894736842105,1674.0,0.0,,0.0,,,,,
639,Never NPCA,2,100,16464,589.9,651.05,0.0,,0.0,,,,,
640,Never NPCA,2,100,18538,0.0,0.0,0.0,,0.0,,,,,
641,Never NPCA,2,100,17351,531.5,877.25,0.0,,0.0,,,,,
642,Never NPCA,2,100,17201,639.2,1607.8,0.0,,0.0,,,,,
643,Never NPCA,2,100,17383,675.8,754.1,0.0,,0.0,,,,,
644,Never NPCA,2,100,17537,743.3636363636364,776.1499999999999,0.0,,0.0,,,,,
645,Never NPCA,2,100,16553,683.3333333333334,1552.5,0.0,,0.0,,,,,
646,Never NPCA,2,100,16949,1091.5,-25.30000000000001,0.0,,0.0,,,,,
647,Never NPCA,2,100,16650,370.2,206.89999999999998,0.0,,0.0,,,,,
648,Never NPCA,2,100,18917,1259.0,-62.95,0.0,,0.0,,,,,
649,Never NPCA,2,100,17444,563.8,781.1,0.0,,0.0,,,,,
650,Never NPCA,2,100,17611,541.1,626.45,0.0,,0.0,,,,,
651,Never NPCA,2,100,17233,652.6,893.6999999999999,0.0,,0.0,,,,,
652,Never NPCA,2,100,16758,0.0,0.0,0.0,,0.0,,,,,
653,Never NPCA,2,100,16251,712.7391304347826,1324.3500000000001,0.0,,0.0,,,,,
654,Never NPCA,2,100,18602,0.0,0.0,0.0,,0.0,,,,,
655,Never NPCA,2,100,16203,0.0,0.0,0.0,,0.0,,,,,
656,Never NPCA,2,100,17478,362.9,1193.55,0.0,,0.0,,,,,
657,Never NPCA,2,100,15607,695.0,3140.5000000000005,0.0,,0.0,,,,,
658,Never NPCA,2,100,16224,717.5,1115.5,0.0,,0.0,,,,,
659,Never NPCA,2,100,17068,338.1,1233.9,0.0,,0.0,,,,,
660,Never NPCA,2,100,16733,649.1363636363636,1202.95,0.0,,0.0,,,,,
661,Never NPCA,2,100,16929,285.6,618.2,0.0,,0.0,,,,,
662,Never NPCA,2,100,17024,303.8,914.0999999999999,0.0,,0.0,,,,,
663,Never NPCA,2,100,17242,581.8,742.0999999999999,0.0,,0.0,,,,,
664,Never NPCA,2,100,17364,715.7,592.1500000000001,0.0,,0.0,,,,,
665,Never NPCA,2,100,16896,612.15,1827.85,0.0,,0.0,,,,,
666,Never NPCA,2,100,16734,775.0,1284.0000000000002,0.0,,0.0,,,,,
667,Never NPCA,2,100,15609,845.4545454545455,1092.0,0.0,,0.0,,,,,
668,Never NPCA,2,100,18358,1297.0,-63.7,0.0,,0.0,,,,,
669,Never NPCA,2,100,16595,597.4333333333333,1667.85,0.0,,0.0,,,,,
670,Never NPCA,2,100,18234,0.0,0.0,0.0,,0.0,,,,,
671,Never NPCA,2,100,16731,843.1818181818181,948.2499999999999,0.0,,0.0,,,,,
672,Never NPCA,2,100,16665,769.64,1671.9499999999998,0.0,,0.0,,,,,
673,Never NPCA,2,100,16827,625.2272727272727,3394.5,0.0,,0.0,,,,,
674,Never NPCA,2,100,16641,960.0,404.0,0.0,,0.0,,,,,
675,Never NPCA,2,100,16992,772.85,1296.15,0.0,,0.0,,,,,
676,Never NPCA,2,100,14580,469.0769230769231,2688.3,0.0,,0.0,,,,,
677,Never NPCA,2,100,16641,316.25,1166.75,0.0,,0.0,,,,,
678,Never NPCA,2,100,16326,599.5454545454545,1209.5,0.0,,0.0,,,,,
679,Never NPCA,2,100,17692,656.3,670.85,0.0,,0.0,,,,,
680,Never NPCA,2,100,15907,0.0,0.0,0.0,,0.0,,,,,
681,Never NPCA,2,100,18070,999.0,-39.95,0.0,,0.0,,,,,
682,Never NPCA,2,100,17211,720.9,534.55,0.0,,0.0,,,,,
683,Never NPCA,2,100,15300,470.77272727272725,1446.15,0.0,,0.0,,,,,
684,Never NPCA,2,100,15745,686.6190476190476,781.05,0.0,,0.0,,,,,
685,Never NPCA,2,100,16908,0.0,0.0,0.0,,0.0,,,,,
686,Never NPCA,2,100,17432,774.2105263157895,1336.5,0.0,,0.0,,,,,
687,Never NPCA,2,100,16968,522.2758620689655,2276.7000000000003,0.0,,0.0,,,,,
688,Never NPCA,2,100,17630,578.0588235294117,616.65,0.0,,0.0,,,,,
689,Never NPCA,2,100,16952,0.0,0.0,0.0,,0.0,,,,,
690,Never NPCA,2,100,16530,812.5,1574.25,0.0,,0.0,,,,,
691,Never NPCA,2,100,16570,0.0,0.0,0.0,,0.0,,,,,
692,Never NPCA,2,100,18560,622.5,1056.75,0.0,,0.0,,,,,
693,Never NPCA,2,100,16377,654.2,480.90000000000003,0.0,,0.0,,,,,
694,Never NPCA,2,100,17463,556.0,668.0,0.0,,0.0,,,,,
695,Never NPCA,2,100,17157,0.0,0.0,0.0,,0.0,,,,,
696,Never NPCA,2,100,17039,502.45,1202.55,0.0,,0.0,,,,,
697,Never NPCA,2,100,17623,0.0,0.0,0.0,,0.0,,,,,
698,Never NPCA,2,100,16545,759.0,794.5500000000001,0.0,,0.0,,,,,
699,Never NPCA,2,100,16591,617.2,1479.7999999999997,0.0,,0.0,,,,,
700,Never NPCA,2,100,19234,537.5,642.4999999999999,0.0,,0.0,,,,,
701,Never NPCA,2,100,17589,0.0,0.0,0.0,,0.0,,,,,
702,Never NPCA,2,100,17286,516.1935483870968,1470.8999999999999,0.0,,0.0,,,,,
703,Never NPCA,2,100,16229,606.75,1367.25,0.0,,0.0,,,,,
704,Never NPCA,2,100,16522,647.1,1157.9,0.0,,0.0,,,,,
705,Never NPCA,2,100,16626,539.5,2270.75,0.0,,0.0,,,,,
706,Never NPCA,2,100,15643,657.1621621621622,2016.2499999999998,0.0,,0.0,,,,,
707,Never NPCA,2,100,18437,0.0,0.0,0.0,,0.0,,,,,
708,Never NPCA,2,100,16140,782.0,1008.3,0.0,,0.0,,,,,
709,Never NPCA,2,100,18062,577.1,590.4499999999998,0.0,,0.0,,,,,
710,Never NPCA,2,100,17359,748.5,641.7499999999999,0.0,,0.0,,,,,
711,Never NPCA,2,100,16871,717.65,1715.35,0.0,,0.0,,,,,
712,Never NPCA,2,100,17427,0.0,0.0,0.0,,0.0,,,,,
713,Never NPCA,2,100,17047,628.7,2150.95,0.0,,0.0,,,,,
714,Never NPCA,2,100,16803,595.4146341463414,2392.3999999999996,0.0,,0.0,,,,,
715,Never NPCA,2,100,16633,588.0,730.0,0.0,,0.0,,,,,
716,Never NPCA,2,100,18404,541.5333333333333,1823.7,0.0,,0.0,,,,,
717,Never NPCA,2,100,16295,720.3333333333334,725.8,0.0,,0.0,,,,,
718,Never NPCA,2,100,16010,835.5,718.6999999999999,0.0,,0.0,,,,,
719,Never NPCA,2,100,18455,523.7894736842105,1108.3999999999999,0.0,,0.0,,,,,
720,Never NPCA,2,100,15738,709.6551724137931,1647.0,0.0,,0.0,,,,,
721,Never NPCA,2,100,17859,508.6666666666667,2324.0,0.0,,0.0,,,,,
722,Never NPCA,2,100,17689,627.8,805.0999999999999,0.0,,0.0,,,,,
723,Never NPCA,2,100,17568,600.8,1499.2,0.0,,0.0,,,,,
724,Never NPCA,2,100,16993,627.2903225806451,1718.6999999999998,0.0,,0.0,,,,,
725,Never NPCA,2,100,17727,708.4,681.8,0.0,,0.0,,,,,
726,Never NPCA,2,100,16368,912.3636363636364,775.2,0.0,,0.0,,,,,
727,Never NPCA,2,100,16089,384.5,118.75,0.0,,0.0,,,,,
728,Never NPCA,2,100,16714,588.2,741.9000000000001,0.0,,0.0,,,,,
729,Never NPCA,2,100,17661,567.9,1789.1,0.0,,0.0,,,,,
730,Never NPCA,2,100,17415,727.8,830.0999999999999,0.0,,0.0,,,,,
731,Never NPCA,2,100,16843,1201.5,62.849999999999994,0.0,,0.0,,,,,
732,Never NPCA,2,100,15742,702.3888888888889,995.8499999999999,0.0,,0.0,,,,,
733,Never NPCA,2,100,17641,608.8260869565217,1903.85,0.0,,0.0,,,,,
734,Never NPCA,2,100,16078,481.7,2629.4500000000003,0.0,,0.0,,,,,
735,Never NPCA,2,100,18691,0.0,0.0,0.0,,0.0,,,,,
736,Never NPCA,2,100,16978,539.5,132.1,0.0,,0.0,,,,,
737,Never NPCA,2,100,16553,865.2,603.4,0.0,,0.0,,,,,
738,Never NPCA,2,100,17826,799.8571428571429,1195.1,0.0,,0.0,,,,,
739,Never NPCA,2,100,16562,645.4,555.3,0.0,,0.0,,,,,
740,Never NPCA,2,100,16803,548.1,599.95,0.0,,0.0,,,,,
741,Never NPCA,2,100,16110,712.7857142857143,639.0500000000001,0.0,,0.0,,,,,
742,Never NPCA,2,100,17498,420.9,558.55,0.0,,0.0,,,,,
743,Never NPCA,2,100,17006,683.081081081081,2528.2999999999997,0.0,,0.0,,,,,
744,Never NPCA,2,100,17916,714.05,1464.9499999999998,0.0,,0.0,,,,,
745,Never NPCA,2,100,17374,632.6551724137931,2238.65,0.0,,0.0,,,,,
746,Never NPCA,2,100,16600,739.3636363636364,852.35,0.0,,0.0,,,,,
747,Never NPCA,2,100,17374,0.0,0.0,0.0,,0.0,,,,,
748,Never NPCA,2,100,16894,640.6363636363636,625.65,0.0,,0.0,,,,,
749,Never NPCA,2,100,17432,327.0,-16.35,0.0,,0.0,,,,,
750,Never NPCA,2,100,17139,864.1538461538462,1045.3,0.0,,0.0,,,,,
751,Never NPCA,2,100,16752,607.6666666666666,685.55,0.0,,0.0,,,,,
752,Never NPCA,2,100,16079,750.7567567567568,2024.1,0.0,,0.0,,,,,
753,Never NPCA,2,100,16827,676.1612903225806,2014.9500000000003,0.0,,0.0,,,,,
754,Never NPCA,2,100,15774,453.1,2018.35,0.0,,0.0,,,,,
755,Never NPCA,2,100,17721,0.0,0.0,0.0,,0.0,,,,,
756,Never NPCA,2,100,16317,828.75,285.5,0.0,,0.0,,,,,
757,Never NPCA,2,100,17775,588.4,585.8000000000001,0.0,,0.0,,,,,
758,Never NPCA,2,100,17918,0.0,0.0,0.0,,0.0,,,,,
759,Never NPCA,2,100,16598,746.5,605.7500000000001,0.0,,0.0,,,,,
760,Never NPCA,2,100,15770,782.7,1313.3,0.0,,0.0,,,,,
761,Never NPCA,2,100,17326,634.3333333333334,2474.4999999999995,0.0,,0.0,,,,,
762,Never NPCA,2,100,17149,1796.3333333333333,-130.45000000000002,0.0,,0.0,,,,,
763,Never NPCA,2,100,17197,772.0833333333334,350.75,0.0,,0.0,,,,,
764,Never NPCA,2,100,16610,756.0,2552.4,0.0,,0.0,,,,,
765,Never NPCA,2,100,15849,818.7428571428571,2851.2,0.0,,0.0,,,,,
766,Never NPCA,2,100,15657,702.15,1027.8500000000001,0.0,,0.0,,,,,
767,Never NPCA,2,100,16281,399.6896551724138,1623.45,0.0,,0.0,,,,,
768,Never NPCA,2,100,18195,471.9,477.04999999999995,0.0,,0.0,,,,,
769,Never NPCA,2,100,17136,0.0,0.0,0.0,,0.0,,,,,
770,Never NPCA,2,100,16648,651.2413793103449,2246.7,0.0,,0.0,,,,,
771,Never NPCA,2,100,15411,701.5526315789474,2985.0499999999997,0.0,,0.0,,,,,
772,Never NPCA,2,100,15437,588.875,1676.8,0.0,,0.0,,,,,
773,Never NPCA,2,100,16880,584.4,971.7999999999998,0.0,,0.0,,,,,
774,Never NPCA,2,100,17693,541.2,868.3999999999999,0.0,,0.0,,,,,
775,Never NPCA,2,100,18421,617.0,-19.85,0.0,,0.0,,,,,
776,Never NPCA,2,100,17451,552.3,1782.6999999999998,0.0,,0.0,,,,,
777,Never NPCA,2,100,17600,718.4444444444445,700.7,0.0,,0.0,,,,,
778,Never NPCA,2,100,17670,550.0,1919.0,0.0,,0.0,,,,,
779,Never NPCA,2,100,17263,640.5454545454545,573.7,0.0,,0.0,,,,,
780,Never NPCA,2,100,16047,740.6896551724138,1712.0,0.0,,0.0,,,,,
781,Never NPCA,2,100,18264,0.0,0.0,0.0,,0.0,,,,,
782,Never NPCA,2,100,16269,678.6,1774.1,0.0,,0.0,,,,,
783,Never NPCA,2,100,17359,703.8888888888889,1130.5,0.0,,0.0,,,,,
784,Never NPCA,2,100,18014,1657.0,-7.8500000000000085,0.0,,0.0,,,,,
785,Never NPCA,2,100,18723,779.25,850.6,0.0,,0.0,,,,,
786,Never NPCA,2,100,17822,573.0,1461.65,0.0,,0.0,,,,,
787,Never NPCA,2,100,16811,1104.0,-26.200000000000003,0.0,,0.0,,,,,
788,Never NPCA,2,100,15606,686.5714285714286,2401.5,0.0,,0.0,,,,,
789,Never NPCA,2,100,15783,513.75,1629.25,0.0,,0.0,,,,,
790,Never NPCA,2,100,17047,821.9411764705883,1520.35,0.0,,0.0,,,,,
791,Never NPCA,2,100,16443,700.4,554.8000000000001,0.0,,0.0,,,,,
792,Never NPCA,2,100,17937,630.7,978.65,0.0,,0.0,,,,,
793,Never NPCA,2,100,15810,645.1666666666666,2451.25,0.0,,0.0,,,,,
794,Never NPCA,2,100,16872,880.0952380952381,1668.9,0.0,,0.0,,,,,
795,Never NPCA,2,100,16070,716.8421052631579,1294.0,0.0,,0.0,,,,,
796,Never NPCA,2,100,15665,0.0,0.0,0.0,,0.0,,,,,
797,Never NPCA,2,100,16266,944.8,189.8,0.0,,0.0,,,,,
798,Never NPCA,2,100,16788,622.4,781.8000000000001,0.0,,0.0,,,,,
799,Never NPCA,2,100,16980,710.1818181818181,811.8,0.0,,0.0,,,,,
800,Never NPCA,2,100,17337,631.9512195121952,2724.5,0.0,,0.0,,,,,
801,Never NPCA,2,100,16128,635.1818181818181,796.6500000000002,0.0,,0.0,,,,,
802,Never NPCA,2,100,16760,396.8,446.59999999999997,0.0,,0.0,,,,,
803,Never NPCA,2,100,16963,726.1818181818181,690.5999999999999,0.0,,0.0,,,,,
804,Never NPCA,2,100,16085,805.3636363636364,530.05,0.0,,0.0,,,,,
805,Never NPCA,2,100,17409,100.0,63.0,0.0,,0.0,,,,,
806,Never NPCA,2,100,18121,488.8333333333333,508.70000000000005,0.0,,0.0,,,,,
807,Never NPCA,2,100,17785,607.7,748.15,0.0,,0.0,,,,,
808,Never NPCA,2,100,15809,652.3333333333334,2217.5,0.0,,0.0,,,,,
809,Never NPCA,2,100,16253,782.5,1057.75,0.0,,0.0,,,,,
810,Never NPCA,2,100,16737,556.55,2533.9000000000005,0.0,,0.0,,,,,
811,Never NPCA,2,100,16902,485.1111111111111,524.7,0.0,,0.0,,,,,
812,Never NPCA,2,100,16894,720.3636363636364,908.8,0.0,,0.0,,,,,
813,Never NPCA,2,100,16405,786.0909090909091,756.6500000000001,0.0,,0.0,,,,,
814,Never NPCA,2,100,16084,0.0,0.0,0.0,,0.0,,,,,
815,Never NPCA,2,100,15974,722.9666666666667,1861.55,0.0,,0.0,,,,,
816,Never NPCA,2,100,17502,773.9,1640.1,0.0,,0.0,,,,,
817,Never NPCA,2,100,17022,529.7391304347826,1657.8,0.0,,0.0,,,,,
818,Never NPCA,2,100,16193,565.5333333333333,2188.6999999999994,0.0,,0.0,,,,,
819,Never NPCA,2,100,15657,668.5098039215686,3284.3,0.0,,0.0,,,,,
820,Never NPCA,2,100,17158,702.1666666666666,1077.05,0.0,,0.0,,,,,
821,Never NPCA,2,100,16411,443.4230769230769,1785.5500000000002,0.0,,0.0,,,,,
822,Never NPCA,2,100,17965,0.0,0.0,0.0,,0.0,,,,,
823,Never NPCA,2,100,17435,1846.0,-7.300000000000011,0.0,,0.0,,,,,
824,Never NPCA,2,100,16715,687.95,1794.0500000000002,0.0,,0.0,,,,,
825,Never NPCA,2,100,16178,1752.0,-8.600000000000009,0.0,,0.0,,,,,
826,Never NPCA,2,100,18526,1009.0,17.549999999999997,0.0,,0.0,,,,,
827,Never NPCA,2,100,17467,432.51724137931035,1701.8500000000001,0.0,,0.0,,,,,
828,Never NPCA,2,100,17695,724.0,1480.4,0.0,,0.0,,,,,
829,Never NPCA,2,100,16875,547.2631578947369,1182.1000000000001,0.0,,0.0,,,,,
830,Never NPCA,2,100,16037,0.0,0.0,0.0,,0.0,,,,,
831,Never NPCA,2,100,16299,687.578947368421,1232.8,0.0,,0.0,,,,,
832,Never NPCA,2,100,17207,638.15625,1863.9499999999998,0.0,,0.0,,,,,
833,Never NPCA,2,100,17006,551.7931034482758,1830.8999999999999,0.0,,0.0,,,,,
834,Never NPCA,2,100,14935,583.45,1261.55,0.0,,0.0,,,,,
835,Never NPCA,2,100,18267,0.0,0.0,0.0,,0.0,,,,,
836,Never NPCA,2,100,16939,0.0,0.0,0.0,,0.0,,,,,
837,Never NPCA,2,100,16091,1011.6,645.1999999999999,0.0,,0.0,,,,,
838,Never NPCA,2,100,17106,519.8,1286.2,0.0,,0.0,,,,,
839,Never NPCA,2,100,15361,704.84,1449.9499999999998,0.0,,0.0,,,,,
840,Never NPCA,2,100,18042,647.734693877551,3413.05,0.0,,0.0,,,,,
841,Never NPCA,2,100,15944,547.4444444444445,711.6499999999999,0.0,,0.0,,,,,
842,Never NPCA,2,100,16534,522.8125,2620.5,0.0,,0.0,,,,,
843,Never NPCA,2,100,18255,550.4,734.8000000000001,0.0,,0.0,,,,,
844,Never NPCA,2,100,17632,537.081081081081,2499.4,0.0,,0.0,,,,,
845,Never NPCA,2,100,18409,568.5333333333333,1876.2,0.0,,0.0,,,,,
846,Never NPCA,2,100,18098,821.2,790.4,0.0,,0.0,,,,,
847,Never NPCA,2,100,16905,533.2,835.8000000000001,0.0,,0.0,,,,,
848,Never NPCA,2,100,15917,672.65625,2017.75,0.0,,0.0,,,,,
849,Never NPCA,2,100,17630,496.5,65.35,0.0,,0.0,,,,,
850,Never NPCA,2,100,16768,0.0,0.0,0.0,,0.0,,,,,
851,Never NPCA,2,100,17543,652.0,37.4,0.0,,0.0,,,,,
852,Never NPCA,2,100,16542,862.5454545454545,432.5999999999999,0.0,,0.0,,,,,
853,Never NPCA,2,100,17426,930.6363636363636,596.1500000000001,0.0,,0.0,,,,,
854,Never NPCA,2,100,15793,727.6923076923077,1435.0000000000002,0.0,,0.0,,,,,
855,Never NPCA,2,100,17068,652.8181818181819,415.95000000000005,0.0,,0.0,,,,,
856,Never NPCA,2,100,17768,420.1111111111111,532.95,0.0,,0.0,,,,,
857,Never NPCA,2,100,16149,572.9,1186.1,0.0,,0.0,,,,,
858,Never NPCA,2,100,16837,547.3611111111111,1949.75,0.0,,0.0,,,,,
859,Never NPCA,2,100,17980,196.0,7.199999999999999,0.0,,0.0,,,,,
860,Never NPCA,2,100,17521,0.0,0.0,0.0,,0.0,,,,,
861,Never NPCA,2,100,15825,506.55,924.4499999999999,0.0,,0.0,,,,,
862,Never NPCA,2,100,16581,776.0,1476.9999999999998,0.0,,0.0,,,,,
863,Never NPCA,2,100,15354,599.3589743589744,2290.25,0.0,,0.0,,,,,
864,Never NPCA,2,100,15986,566.90625,1952.95,0.0,,0.0,,,,,
865,Never NPCA,2,100,16190,834.6666666666666,866.2,0.0,,0.0,,,,,
866,Never NPCA,2,100,15923,725.6153846153846,2112.05,0.0,,0.0,,,,,
867,Never NPCA,2,100,16217,704.8181818181819,845.35,0.0,,0.0,,,,,
868,Never NPCA,2,100,18641,733.0,46.35,0.0,,0.0,,,,,
869,Never NPCA,2,100,19232,601.5333333333333,1061.8500000000001,0.0,,0.0,,,,,
870,Never NPCA,2,100,17209,679.55,1283.45,0.0,,0.0,,,,,
871,Never NPCA,2,100,16699,753.6,563.2,0.0,,0.0,,,,,
872,Never NPCA,2,100,18171,518.1739130434783,1500.1,0.0,,0.0,,,,,
873,Never NPCA,2,100,17929,772.4333333333333,1987.3500000000001,0.0,,0.0,,,,,
874,Never NPCA,2,100,17257,696.9666666666667,1476.5499999999997,0.0,,0.0,,,,,
875,Never NPCA,2,100,17174,661.1,1398.8999999999999,0.0,,0.0,,,,,
876,Never NPCA,2,100,16185,713.0,0.3500000000000014,0.0,,0.0,,,,,
877,Never NPCA,2,100,16191,774.0,2014.0,0.0,,0.0,,,,,
878,Never NPCA,2,100,17704,548.1,586.9499999999999,0.0,,0.0,,,,,
879,Never NPCA,2,100,16151,726.6666666666666,38.00000000000001,0.0,,0.0,,,,,
880,Never NPCA,2,100,17191,492.59375,1779.8500000000001,0.0,,0.0,,,,,
881,Never NPCA,2,100,16766,0.0,0.0,0.0,,0.0,,,,,
882,Never NPCA,2,100,17717,562.3,756.8500000000001,0.0,,0.0,,,,,
883,Never NPCA,2,100,16565,678.8,1378.2,0.0,,0.0,,,,,
884,Never NPCA,2,100,17259,490.7368421052632,1388.8000000000002,0.0,,0.0,,,,,
885,Never NPCA,2,100,17389,617.0909090909091,589.6,0.0,,0.0,,,,,
886,Never NPCA,2,100,17090,931.1,981.45,0.0,,0.0,,,,,
887,Never NPCA,2,100,17118,491.09090909090907,1314.8,0.0,,0.0,,,,,
888,Never NPCA,2,100,15429,560.6,848.3999999999999,0.0,,0.0,,,,,
889,Never NPCA,2,100,17455,630.0,50.5,0.0,,0.0,,,,,
890,Never NPCA,2,100,16677,676.6,1471.4,0.0,,0.0,,,,,
891,Never NPCA,2,100,16511,1303.25,-60.650000000000006,0.0,,0.0,,,,,
892,Never NPCA,2,100,16338,623.05,1247.95,0.0,,0.0,,,,,
893,Never NPCA,2,100,17727,408.0,172.2,0.0,,0.0,,,,,
894,Never NPCA,2,100,15904,912.5833333333334,1918.9,0.0,,0.0,,,,,
895,Never NPCA,2,100,19077,709.2,640.4,0.0,,0.0,,,,,
896,Never NPCA,2,100,16829,545.25,1110.7499999999998,0.0,,0.0,,,,,
897,Never NPCA,2,100,17590,422.6,1822.3999999999999,0.0,,0.0,,,,,
898,Never NPCA,2,100,17359,594.85,1396.15,0.0,,0.0,,,,,
899,Never NPCA,2,100,18515,841.2307692307693,997.2,0.0,,0.0,,,,,
900,Never NPCA,2,100,17287,583.7,1766.3000000000002,0.0,,0.0,,,,,
901,Never NPCA,2,100,17314,0.0,0.0,0.0,,0.0,,,,,
902,Never NPCA,2,100,16320,751.7894736842105,1029.8,0.0,,0.0,,,,,
903,Never NPCA,2,100,16749,578.2,610.9,0.0,,0.0,,,,,
904,Never NPCA,2,100,17273,806.25,4.749999999999989,0.0,,0.0,,,,,
905,Never NPCA,2,100,17749,660.9047619047619,1743.0500000000002,0.0,,0.0,,,,,
906,Never NPCA,2,100,16940,678.7,1574.2999999999997,0.0,,0.0,,,,,
907,Never NPCA,2,100,18981,612.3,1499.6999999999998,0.0,,0.0,,,,,
908,Never NPCA,2,100,17633,0.0,0.0,0.0,,0.0,,,,,
909,Never NPCA,2,100,16152,702.55,1329.45,0.0,,0.0,,,,,
910,Never NPCA,2,100,15767,571.65,1350.35,0.0,,0.0,,,,,
911,Never NPCA,2,100,16938,631.7,1126.3,0.0,,0.0,,,,,
912,Never NPCA,2,100,17490,814.5,728.1999999999999,0.0,,0.0,,,,,
913,Never NPCA,2,100,16429,649.1666666666666,830.5,0.0,,0.0,,,,,
914,Never NPCA,2,100,16825,781.4666666666667,2066.8,0.0,,0.0,,,,,
915,Never NPCA,2,100,18338,996.1666666666666,704.3000000000001,0.0,,0.0,,,,,
916,Never NPCA,2,100,16131,711.5,2525.75,0.0,,0.0,,,,,
917,Never NPCA,2,100,16807,634.75,818.15,0.0,,0.0,,,,,
918,Never NPCA,2,100,18584,742.4,906.8,0.0,,0.0,,,,,
919,Never NPCA,2,100,17168,664.516129032258,1649.9999999999998,0.0,,0.0,,,,,
920,Never NPCA,2,100,18019,1956.0,-64.80000000000001,0.0,,0.0,,,,,
921,Never NPCA,2,100,16448,635.5,922.6999999999999,0.0,,0.0,,,,,
922,Never NPCA,2,100,16373,581.3,314.34999999999997,0.0,,0.0,,,,,
923,Never NPCA,2,100,16192,599.3636363636364,1110.6999999999998,0.0,,0.0,,,,,
924,Never NPCA,2,100,17388,899.3,553.35,0.0,,0.0,,,,,
925,Never NPCA,2,100,16619,594.4,743.8000000000001,0.0,,0.0,,,,,
926,Never NPCA,2,100,16660,759.0,111.1,0.0,,0.0,,,,,
927,Never NPCA,2,100,17961,515.4761904761905,1126.75,0.0,,0.0,,,,,
928,Never NPCA,2,100,18458,560.0384615384615,1839.95,0.0,,0.0,,,,,
929,Never NPCA,2,100,16502,629.65,1510.35,0.0,,0.0,,,,,
930,Never NPCA,2,100,15388,860.0,635.0,0.0,,0.0,,,,,
931,Never NPCA,2,100,17403,542.8,587.6,0.0,,0.0,,,,,
932,Never NPCA,2,100,15754,730.6363636363636,1641.3,0.0,,0.0,,,,,
933,Never NPCA,2,100,16310,392.1666666666667,855.0500000000001,0.0,,0.0,,,,,
934,Never NPCA,2,100,17470,656.1818181818181,832.0999999999999,0.0,,0.0,,,,,
935,Never NPCA,2,100,17757,781.7272727272727,741.05,0.0,,0.0,,,,,
936,Never NPCA,2,100,16463,100.0,60.0,0.0,,0.0,,,,,
937,Never NPCA,2,100,18321,520.6470588235294,1030.45,0.0,,0.0,,,,,
938,Never NPCA,2,100,16074,1242.0,-75.30000000000001,0.0,,0.0,,,,,
939,Never NPCA,2,100,20892,0.0,0.0,0.0,,0.0,,,,,
940,Never NPCA,2,100,16695,556.65,1245.35,0.0,,0.0,,,,,
941,Never NPCA,2,100,17309,570.7,1156.3,0.0,,0.0,,,,,
942,Never NPCA,2,100,17516,604.95,1145.05,0.0,,0.0,,,,,
943,Never NPCA,2,100,16217,529.2903225806451,2210.6000000000004,0.0,,0.0,,,,,
944,Never NPCA,2,100,16433,604.625,1386.45,0.0,,0.0,,,,,
945,Never NPCA,2,100,18121,0.0,0.0,0.0,,0.0,,,,,
946,Never NPCA,2,100,15667,772.1935483870968,2076.1,0.0,,0.0,,,,,
947,Never NPCA,2,100,16251,639.8095238095239,1349.2,0.0,,0.0,,,,,
948,Never NPCA,2,100,16359,858.3571428571429,2395.3,0.0,,0.0,,,,,
949,Never NPCA,2,100,16390,657.3939393939394,1772.2999999999995,0.0,,0.0,,,,,
950,Never NPCA,2,100,16197,724.75,1487.2499999999998,0.0,,0.0,,,,,
951,Never NPCA,2,100,16992,909.0,-45.45,0.0,,0.0,,,,,
952,Never NPCA,2,100,17793,523.3448275862069,2753.15,0.0,,0.0,,,,,
953,Never NPCA,2,100,16950,666.5806451612904,1745.8000000000004,0.0,,0.0,,,,,
954,Never NPCA,2,100,17377,550.05,1269.95,0.0,,0.0,,,,,
955,Never NPCA,2,100,15974,814.3333333333334,600.4,0.0,,0.0,,,,,
956,Never NPCA,2,100,16872,555.5,894.2500000000001,0.0,,0.0,,,,,
957,Never NPCA,2,100,17647,460.2,802.9000000000001,0.0,,0.0,,,,,
958,Never NPCA,2,100,15462,538.1818181818181,1068.0,0.0,,0.0,,,,,
959,Never NPCA,2,100,17513,1127.5,-34.75,0.0,,0.0,,,,,
960,Never NPCA,2,100,17577,524.9047619047619,1179.8500000000001,0.0,,0.0,,,,,
961,Never NPCA,2,100,18945,1547.0,-7.700000000000017,0.0,,0.0,,,,,
962,Never NPCA,2,100,16550,896.7272727272727,773.8,0.0,,0.0,,,,,
963,Never NPCA,2,100,15709,521.4516129032259,1673.7499999999998,0.0,,0.0,,,,,
964,Never NPCA,2,100,17333,650.6,769.7,0.0,,0.0,,,,,
965,Never NPCA,2,100,16943,734.75,1998.3500000000001,0.0,,0.0,,,,,
966,Never NPCA,2,100,16325,356.0,1644.0,0.0,,0.0,,,,,
967,Never NPCA,2,100,17372,0.0,0.0,0.0,,0.0,,,,,
968,Never NPCA,2,100,17337,0.0,0.0,0.0,,0.0,,,,,
969,Never NPCA,2,100,18120,606.3809523809524,1403.3,0.0,,0.0,,,,,
970,Never NPCA,2,100,16161,100.0,64.0,0.0,,0.0,,,,,
971,Never NPCA,2,100,16701,795.55,1161.45,0.0,,0.0,,,,,
972,Never NPCA,2,100,17060,402.0,2072.1,0.0,,0.0,,,,,
973,Never NPCA,2,100,17862,0.0,0.0,0.0,,0.0,,,,,
974,Never NPCA,2,100,16294,414.90909090909093,560.8,0.0,,0.0,,,,,
975,Never NPCA,2,100,17112,652.7142857142857,1179.6499999999999,0.0,,0.0,,,,,
976,Never NPCA,2,100,16184,483.9,914.1,0.0,,0.0,,,,,
977,Never NPCA,2,100,16149,790.5,412.7,0.0,,0.0,,,,,
978,Never NPCA,2,100,16305,389.0,11.100000000000001,0.0,,0.0,,,,,
979,Never NPCA,2,100,17144,598.5,508.75,0.0,,0.0,,,,,
980,Never NPCA,2,100,17070,642.2,1561.7999999999997,0.0,,0.0,,,,,
981,Never NPCA,2,100,16284,645.1333333333333,1995.3000000000002,0.0,,0.0,,,,,
982,Never NPCA,2,100,17473,685.5,592.6999999999999,0.0,,0.0,,,,,
983,Never NPCA,2,100,15486,750.375,1002.6999999999998,0.0,,0.0,,,,,
984,Never NPCA,2,100,17943,547.2307692307693,593.3,0.0,,0.0,,,,,
985,Never NPCA,2,100,16248,779.5,1551.75,0.0,,0.0,,,,,
986,Never NPCA,2,100,17027,572.9166666666666,1352.5,0.0,,0.0,,,,,
987,Never NPCA,2,100,15916,631.1777777777778,3144.85,0.0,,0.0,,,,,
988,Never NPCA,2,100,18315,1322.0,24.89999999999999,0.0,,0.0,,,,,
989,Never NPCA,2,100,17309,716.5833333333334,1085.05,0.0,,0.0,,,,,
990,Never NPCA,2,100,16141,856.952380952381,1152.2,0.0,,0.0,,,,,
991,Never NPCA,2,100,16357,558.35,1633.65,0.0,,0.0,,,,,
992,Never NPCA,2,100,16706,0.0,0.0,0.0,,0.0,,,,,
993,Never NPCA,2,100,16783,769.0909090909091,946.9999999999999,0.0,,0.0,,,,,
994,Never NPCA,2,100,15692,812.6666666666666,537.4,0.0,,0.0,,,,,
995,Never NPCA,2,100,17386,699.1071428571429,2071.25,0.0,,0.0,,,,,
996,Never NPCA,2,100,15510,527.5,626.25,0.0,,0.0,,,,,
997,Never NPCA,2,100,16754,642.3846153846154,876.45,0.0,,0.0,,,,,
998,Never NPCA,2,100,18830,25.88888888888889,582.3499999999999,0.0,,0.0,,,,,
999,Never NPCA,2,100,17868,0.0,0.0,0.0,,0.0,,,,,
