episode,run,method,throughput,avg_option_duration,npca_switch_ratio,avg_loss,epsilon
0,1,drl_npca,4954,115.25862068965517,0.5689655172413793,0.0,0.9
1,1,drl_npca,4523,135.66037735849056,0.4339622641509434,0.0,0.8521024553212788
2,1,drl_npca,4234,147.6078431372549,0.39215686274509803,0.0011639109967897336,0.8106979365896764
3,1,drl_npca,4391,134.25925925925927,0.4444444444444444,0.0008648442259679238,0.772875023859198
4,1,drl_npca,4515,128.66071428571428,0.39285714285714285,0.0005966195797858139,0.7348750065924577
5,1,drl_npca,4266,142.75,0.4807692307692308,0.0004992323229089379,0.697576121926362
6,1,drl_npca,4022,145.1851851851852,0.3888888888888889,0.00038076075725257397,0.664762706022866
7,1,drl_npca,4856,113.23809523809524,0.4126984126984127,0.00025287302560172975,0.6324459255659898
8,1,drl_npca,4334,123.66666666666667,0.3333333333333333,0.00024872344026031595,0.5968838005870128
9,1,drl_npca,4434,117.39682539682539,0.5238095238095238,0.00019692324470573416,0.563492975427485
10,1,drl_npca,4191,122.4375,0.5,0.0001867929968284443,0.5321408780628515
11,1,drl_npca,4567,126.21428571428571,0.5178571428571429,0.00016226583102252334,0.5022505541010905
12,1,drl_npca,4182,117.38805970149254,0.6268656716417911,0.00020699641027022153,0.47762059813069796
13,1,drl_npca,4880,102.58208955223881,0.7014925373134329,0.0002031007364469891,0.449908731364591
14,1,drl_npca,4280,110.35211267605634,0.5774647887323944,0.00018771574347435185,0.42399272654484355
15,1,drl_npca,4807,113.61666666666666,0.5333333333333333,0.00019642717476623753,0.3983599727094171
16,1,drl_npca,4660,118.37288135593221,0.4915254237288136,0.00021168238890822977,0.37807306721810585
17,1,drl_npca,4588,113.47692307692307,0.5538461538461539,0.00020544710666096458,0.35927670124464056
18,1,drl_npca,4588,124.05172413793103,0.5344827586206896,0.00022738517145626247,0.3398131339170463
19,1,drl_npca,5285,118.1,0.48,0.00015708331193309277,0.32348214858731467
20,1,drl_npca,4623,121.15789473684211,0.5789473684210527,0.0002191808356049781,0.3101442668119301
21,1,drl_npca,5088,113.77586206896552,0.46551724137931033,0.00017409024197453013,0.2957307316102516
22,1,drl_npca,4548,118.0,0.576271186440678,0.00017247373762074858,0.28188379196762
23,1,drl_npca,4674,114.47619047619048,0.5555555555555556,0.00016758245086142173,0.26859842034569203
24,1,drl_npca,4094,144.7058823529412,0.47058823529411764,0.00020086387909638384,0.2552515601423414
25,1,drl_npca,4568,117.37096774193549,0.6451612903225806,0.00018723920705573013,0.24504617969677067
26,1,drl_npca,4556,115.26984126984127,0.4444444444444444,0.00022354049239462862,0.23332056643097432
27,1,drl_npca,4257,127.70689655172414,0.46551724137931033,0.00021172691291819015,0.2221276494433585
28,1,drl_npca,4520,125.91228070175438,0.5789473684210527,0.00022860234700298557,0.21242824734964494
29,1,drl_npca,4934,122.81132075471699,0.4716981132075472,0.00016186308736602464,0.20342875914407332
30,1,drl_npca,4297,141.2941176470588,0.49019607843137253,0.00020243321584227184,0.19550876851219984
31,1,drl_npca,4535,107.10144927536231,0.4927536231884058,0.00017130612104665488,0.18827387909258386
32,1,drl_npca,4356,131.83928571428572,0.5,0.00017757187500440827,0.17905470051501599
33,1,drl_npca,4219,124.57377049180327,0.5901639344262295,0.000168611552605095,0.1720262700075621
34,1,drl_npca,4601,111.7910447761194,0.4925373134328358,0.00016599187316993871,0.16480515068629675
35,1,drl_npca,3986,123.91935483870968,0.6451612903225806,0.00017731435461125025,0.15736522601057024
36,1,drl_npca,3960,155.87755102040816,0.4489795918367347,0.00019899045582860708,0.15091073856379247
37,1,drl_npca,4092,131.75862068965517,0.5344827586206896,0.00021034138626419008,0.1460853010443824
38,1,drl_npca,5068,105.50819672131148,0.5573770491803278,0.00019468369525081167,0.1406708892799804
39,1,drl_npca,4567,129.85185185185185,0.6111111111111112,0.00021250405795096108,0.13530527980576304
40,1,drl_npca,4134,139.61111111111111,0.4444444444444444,0.00014117367391008884,0.13082096094209938
41,1,drl_npca,5330,102.46774193548387,0.5483870967741935,0.00014406000263988972,0.12657237327487278
42,1,drl_npca,4376,126.63157894736842,0.5614035087719298,0.0001655079055732737,0.12196906324203227
43,1,drl_npca,4114,122.37096774193549,0.5,0.00019777084526140243,0.11798155031628793
44,1,drl_npca,4510,144.20833333333334,0.6041666666666666,0.00019832830488060912,0.11389469575980636
45,1,drl_npca,4769,108.625,0.546875,0.00016900654009077698,0.11090019334370921
46,1,drl_npca,4191,123.52307692307693,0.46153846153846156,0.00019692878413479775,0.10712468582878729
47,1,drl_npca,4736,113.203125,0.515625,0.00015520329179707915,0.10352968444581281
48,1,drl_npca,4467,125.10344827586206,0.4482758620689655,0.00014795478394565484,0.10021111163347474
49,1,drl_npca,3853,131.45,0.5333333333333333,0.00016202072341305515,0.09738171285367167
50,1,drl_npca,3319,155.12727272727273,0.4909090909090909,0.0001552115815381209,0.0946224167060609
51,1,drl_npca,4115,137.01818181818183,0.45454545454545453,0.00016932529009257755,0.09223445467807807
52,1,drl_npca,4288,135.52830188679246,0.4528301886792453,0.00014004101103637367,0.08997428408471543
53,1,drl_npca,4350,125.25,0.3333333333333333,0.00016944652209834507,0.08791081203923336
54,1,drl_npca,4411,128.75438596491227,0.3508771929824561,0.00013993734561760599,0.08570305821792873
55,1,drl_npca,3864,144.09259259259258,0.48148148148148145,0.00015996681274070093,0.08372489705090319
56,1,drl_npca,4491,117.890625,0.5,0.00013752508190615723,0.08195205025449348
57,1,drl_npca,4443,116.65625,0.421875,0.00015397176321130246,0.07997118288397201
58,1,drl_npca,4245,130.23728813559322,0.5423728813559322,0.0001342737402107256,0.07811311938701558
59,1,drl_npca,4464,124.89830508474576,0.4576271186440678,0.00015415319649036974,0.07650242794826127
60,1,drl_npca,4486,124.0,0.5254237288135594,0.00018186780410663536,0.07498401822592421
61,1,drl_npca,4337,124.42622950819673,0.4918032786885246,0.00019313747664758316,0.07355260310232312
62,1,drl_npca,4814,112.7258064516129,0.45161290322580644,0.00016389218217227608,0.07215883635588613
63,1,drl_npca,4661,118.61666666666666,0.5166666666666667,0.00012316692300373688,0.07082671108210159
64,1,drl_npca,4297,133.82758620689654,0.43103448275862066,0.00015621599353229007,0.0696138578483293
65,1,drl_npca,5089,114.98275862068965,0.5172413793103449,0.0001574975613038987,0.06850861592760879
66,1,drl_npca,4170,163.67441860465115,0.5116279069767442,0.0001451784167632771,0.06746565444721592
67,1,drl_npca,4520,121.76666666666667,0.48333333333333334,0.00018086536632229885,0.06673054932996302
68,1,drl_npca,4510,125.86206896551724,0.46551724137931033,0.0001826154524072384,0.06575623798634089
69,1,drl_npca,4265,119.77777777777777,0.4603174603174603,0.00012641757348319516,0.06486837314761226
70,1,drl_npca,4521,116.63492063492063,0.5238095238095238,0.00012971451360499486,0.0639605619313253
71,1,drl_npca,4849,121.85964912280701,0.5087719298245614,0.00017314427047191808,0.06310817851445084
72,1,drl_npca,4477,146.04166666666666,0.3541666666666667,0.00015160283267808458,0.06238190768494795
73,1,drl_npca,3688,140.57894736842104,0.45614035087719296,0.00011963603659144913,0.0618016145629985
74,1,drl_npca,3957,133.64912280701753,0.45614035087719296,0.00015357152733486146,0.06114773512515798
75,1,drl_npca,4215,130.56896551724137,0.5,0.0001775857478302593,0.06053008448609311
76,1,drl_npca,3952,134.4915254237288,0.4406779661016949,0.00015060726824837425,0.05993671367180681
77,1,drl_npca,4395,123.11666666666666,0.5833333333333334,0.00019244962701729187,0.05936740724158818
78,1,drl_npca,3976,144.43396226415095,0.5849056603773585,0.0001585974775177116,0.05882189191176801
79,1,drl_npca,4481,115.65079365079364,0.6984126984126984,0.00016224117037684968,0.05836650596140002
80,1,drl_npca,3731,130.11475409836066,0.6229508196721312,0.00013843591053349277,0.05785567617003778
81,1,drl_npca,4314,136.64150943396226,0.5471698113207547,0.00011668744264170527,0.05739080270492614
82,1,drl_npca,4835,118.66071428571429,0.35714285714285715,0.00014770853643616041,0.05700928956155206
83,1,drl_npca,4655,131.1346153846154,0.4423076923076923,0.00011068980529671535,0.05662755759523551
84,1,drl_npca,4165,132.67241379310346,0.46551724137931033,0.00010398449861289312,0.05629173174182091
85,1,drl_npca,4185,135.28571428571428,0.5714285714285714,0.0001392693326730902,0.05593719232745573
86,1,drl_npca,4803,115.55,0.6,0.00015768507728353143,0.05561384770291759
87,1,drl_npca,4566,117.73015873015873,0.4126984126984127,0.00016213262521584207,0.05528692266355119
88,1,drl_npca,4147,153.0,0.4375,0.0001531838837157314,0.05496412153084056
89,1,drl_npca,4617,131.09259259259258,0.5185185185185185,0.00013698974119809768,0.05473147195420304
90,1,drl_npca,4690,125.51785714285714,0.5357142857142857,0.0001805309245052437,0.05448274844042477
91,1,drl_npca,4061,141.94545454545454,0.5636363636363636,0.000137310727344205,0.05423861408677326
92,1,drl_npca,5268,107.1,0.55,0.00012465548206819221,0.05401178528103731
93,1,drl_npca,4452,135.79245283018867,0.49056603773584906,0.00011929456619933869,0.05377815709403625
94,1,drl_npca,4278,118.60606060606061,0.6363636363636364,0.00014676466040934125,0.053583128672002184
95,1,drl_npca,4462,120.98387096774194,0.532258064516129,0.000110723587567918,0.053354277340589486
96,1,drl_npca,3960,132.24590163934425,0.45901639344262296,0.00013123152651436007,0.053152627869971186
97,1,drl_npca,4519,124.79310344827586,0.5517241379310345,0.00012120303532962377,0.05296606556643443
98,1,drl_npca,4163,135.78571428571428,0.5357142857142857,0.00010465913267883782,0.05279892761585995
99,1,drl_npca,4497,145.97826086956522,0.41304347826086957,0.00011499529500724748,0.052646495599319984
100,1,drl_npca,5511,104.26229508196721,0.3442622950819672,0.00015957489085849375,0.05252751435010365
101,1,drl_npca,4274,142.33333333333334,0.39215686274509803,0.00011445232181965063,0.05237794423944487
102,1,drl_npca,4051,127.45161290322581,0.4032258064516129,0.000126004944225618,0.05225970969045991
103,1,drl_npca,4056,122.93650793650794,0.5555555555555556,0.00011843258107546717,0.05212386246717926
104,1,drl_npca,3752,119.86764705882354,0.5735294117647058,0.00014097165937225023,0.05199418680257127
105,1,drl_npca,4838,116.96551724137932,0.5517241379310345,0.000111002348906671,0.051863089906571666
106,1,drl_npca,4362,119.80645161290323,0.5483870967741935,0.00014967262298644832,0.05175810469240638
107,1,drl_npca,4093,127.16129032258064,0.5967741935483871,0.00015613395225955173,0.05165241251357987
108,1,drl_npca,4214,122.51612903225806,0.5967741935483871,0.00012094413250451908,0.05155307424343317
109,1,drl_npca,4751,109.43076923076923,0.5384615384615384,9.676566939257707e-05,0.05145970790331885
110,1,drl_npca,4903,120.07272727272728,0.6181818181818182,0.00015316558346967213,0.051367844782234946
111,1,drl_npca,4391,130.57142857142858,0.5357142857142857,0.0001374439695306743,0.05129464477109104
112,1,drl_npca,4462,129.8909090909091,0.45454545454545453,8.956257321794207e-05,0.051224137298142444
113,1,drl_npca,4239,143.64814814814815,0.4444444444444444,0.00010639973455302727,0.051158627771747726
114,1,drl_npca,4724,131.82692307692307,0.4230769230769231,0.00012577280722325668,0.05109772115043844
115,1,drl_npca,3782,144.61111111111111,0.5,0.00014515130169456825,0.051042098375855195
116,1,drl_npca,3537,157.51923076923077,0.5384615384615384,0.0001191244155052118,0.05098731745941859
117,1,drl_npca,4083,127.59677419354838,0.532258064516129,0.00010790494707180187,0.05093728896496405
118,1,drl_npca,3756,136.6949152542373,0.559322033898305,0.0001413083130804201,0.05088094185814784
119,1,drl_npca,4446,123.54237288135593,0.5254237288135594,0.00013692231247356781,0.05083046985290981
120,1,drl_npca,4591,120.44262295081967,0.639344262295082,0.00012329629680607468,0.050782889551918974
121,1,drl_npca,5389,116.88679245283019,0.49056603773584906,0.00014141299470793456,0.0507365606846232
122,1,drl_npca,4223,125.98305084745763,0.6271186440677966,0.00013138561674471325,0.05069853943127692
123,1,drl_npca,4192,149.83673469387756,0.3877551020408163,0.0001398831203308267,0.0506585178503879
124,1,drl_npca,4375,134.46296296296296,0.5555555555555556,0.0001066567565430887,0.05062702827070899
125,1,drl_npca,4384,130.6315789473684,0.49122807017543857,0.0001248172193299979,0.05059406671535399
126,1,drl_npca,4295,123.80645161290323,0.5967741935483871,0.00014843817916698754,0.05056115189613143
127,1,drl_npca,4594,136.80769230769232,0.46153846153846156,8.842398771472897e-05,0.05052741706406431
128,1,drl_npca,4764,118.62711864406779,0.5254237288135594,0.000124962660872067,0.05050069224378177
129,1,drl_npca,3770,129.74603174603175,0.6190476190476191,0.00010820760750599827,0.05047200596747753
130,1,drl_npca,4503,127.71428571428571,0.5178571428571429,0.0001307720182618747,0.05044318692270535
131,1,drl_npca,4953,119.2909090909091,0.6181818181818182,0.00010926804679911584,0.05041905057993274
132,1,drl_npca,4836,107.80952380952381,0.5714285714285714,0.0001485734804494617,0.05039662515014764
133,1,drl_npca,5090,117.47272727272727,0.4727272727272727,9.65809085755609e-05,0.0503724085962321
134,1,drl_npca,4268,138.96296296296296,0.3888888888888889,0.00010075678922779237,0.050352479205303884
135,1,drl_npca,4818,123.70175438596492,0.38596491228070173,0.0001323569449596107,0.05033395011597914
136,1,drl_npca,4312,129.52631578947367,0.47368421052631576,0.00012406017291747654,0.05031544729901816
137,1,drl_npca,3732,152.90384615384616,0.5384615384615384,0.00010032112671372791,0.050297969647850244
138,1,drl_npca,4951,117.06896551724138,0.5517241379310345,0.00011255169859699284,0.05028287118814724
139,1,drl_npca,4454,135.96296296296296,0.5740740740740741,0.00015020725065066168,0.05026693138182653
140,1,drl_npca,4040,135.28571428571428,0.4642857142857143,0.00014628029020968825,0.05025289936137535
141,1,drl_npca,4231,134.5,0.5689655172413793,0.00010764567559817806,0.050239126243622076
142,1,drl_npca,4227,149.6122448979592,0.4489795918367347,0.00011100846556170534,0.050225651467224734
143,1,drl_npca,3993,144.92592592592592,0.5,0.00011788805325826009,0.050214861068980175
144,1,drl_npca,4279,150.14,0.38,0.00010150704474654049,0.05020356627518911
145,1,drl_npca,4151,139.66071428571428,0.32142857142857145,0.00016820370122635117,0.050193638230795895
146,1,drl_npca,4639,130.0185185185185,0.42592592592592593,9.699138536234386e-05,0.05018309252542209
147,1,drl_npca,4889,131.28,0.42,0.00011180186023314793,0.05017346773704539
148,1,drl_npca,3991,131.25806451612902,0.5161290322580645,0.0001243705046363175,0.05016500761567913
149,1,drl_npca,4393,111.92647058823529,0.6764705882352942,0.00014940961894656843,0.050155087834167014
150,1,drl_npca,4749,109.66666666666667,0.6363636363636364,9.845772243958588e-05,0.05014489243339494
151,1,drl_npca,4745,120.75862068965517,0.6379310344827587,0.00010885303587807964,0.05013563827890332
152,1,drl_npca,4773,115.41379310344827,0.43103448275862066,9.451377506290252e-05,0.05012799505475753
153,1,drl_npca,3976,135.29310344827587,0.39655172413793105,0.00012842956736373404,0.05012078252669412
154,1,drl_npca,3942,171.53333333333333,0.4,9.631729578056063e-05,0.05011397642496619
155,1,drl_npca,4857,104.85507246376811,0.3188405797101449,0.00010811946898077925,0.05010896117525602
156,1,drl_npca,4970,129.58823529411765,0.39215686274509803,9.163634240394458e-05,0.05010169637195912
157,1,drl_npca,4492,119.65,0.55,9.52446256026936e-05,0.05009663989314328
158,1,drl_npca,3807,140.98181818181817,0.5636363636363636,0.00010490035735225926,0.05009101202389171
159,1,drl_npca,4823,123.9090909090909,0.5818181818181818,9.424929400362696e-05,0.050086141528898696
160,1,drl_npca,4580,122.91525423728814,0.5932203389830508,0.00011036837531719357,0.05008153167772462
161,1,drl_npca,5110,106.37704918032787,0.639344262295082,9.224056096475881e-05,0.05007686046449174
162,1,drl_npca,3993,137.48214285714286,0.5,0.00010405206558061764,0.0500723121112138
163,1,drl_npca,4422,127.58620689655173,0.3793103448275862,7.568072517945741e-05,0.05006837393115151
164,1,drl_npca,5425,118.28571428571429,0.30612244897959184,8.431730384472758e-05,0.05006452105653717
165,1,drl_npca,4325,141.19230769230768,0.46153846153846156,0.00013846549700247124,0.0500614357325029
166,1,drl_npca,5075,121.25925925925925,0.4444444444444444,0.00013645765526841083,0.05005832271432065
167,1,drl_npca,4541,120.50847457627118,0.4406779661016949,9.922544025660802e-05,0.05005525681208571
168,1,drl_npca,4262,122.3015873015873,0.3968253968253968,9.582294539238016e-05,0.05005209097079524
169,1,drl_npca,4189,144.57407407407408,0.42592592592592593,0.00011659591352023806,0.050048910477066326
170,1,drl_npca,4133,142.53703703703704,0.3148148148148148,8.276503649540246e-05,0.05004633935631696
171,1,drl_npca,4404,123.0,0.5,9.046769264386967e-05,0.05004390339396931
172,1,drl_npca,5130,115.83636363636364,0.5272727272727272,0.00010010462331896026,0.050041346659344274
173,1,drl_npca,4420,127.17241379310344,0.5344827586206896,9.337819695550327e-05,0.050039133998986844
174,1,drl_npca,4370,118.61904761904762,0.6349206349206349,0.00016119039355544373,0.05003692879608693
175,1,drl_npca,4389,127.12068965517241,0.603448275862069,7.8593989504346e-05,0.05003467405207702
176,1,drl_npca,4870,134.6734693877551,0.5510204081632653,8.860056065410997e-05,0.0500327201674199
177,1,drl_npca,4490,130.8,0.41818181818181815,8.416035901367043e-05,0.050031155525977804
178,1,drl_npca,3997,146.94230769230768,0.5,0.00010331204490891348,0.05002948824261467
179,1,drl_npca,4334,124.57627118644068,0.423728813559322,9.57324227783829e-05,0.05002799403994657
180,1,drl_npca,5148,140.06666666666666,0.37777777777777777,9.83310261896501e-05,0.05002639017095369
181,1,drl_npca,4087,126.91525423728814,0.4576271186440678,6.514182193010735e-05,0.050025228936976876
182,1,drl_npca,4522,108.72058823529412,0.5588235294117647,0.00011800619055672239,0.05002378348966673
183,1,drl_npca,4284,136.11111111111111,0.4444444444444444,8.73203049801911e-05,0.05002221997431936
184,1,drl_npca,4392,113.01492537313433,0.5223880597014925,0.00011040486666994791,0.05002105191707581
185,1,drl_npca,4605,115.109375,0.703125,8.623686274707627e-05,0.05001968765182824
186,1,drl_npca,4379,114.52307692307693,0.6,8.078177537148197e-05,0.05001846711584391
187,1,drl_npca,4627,123.6896551724138,0.5344827586206896,8.974511729320511e-05,0.050017304933399745
188,1,drl_npca,4224,153.14893617021278,0.46808510638297873,0.00010013754945248365,0.05001632979949307
189,1,drl_npca,4500,111.6,0.5230769230769231,0.00011711169039093268,0.050015580055901517
190,1,drl_npca,4745,120.83050847457628,0.5254237288135594,0.00010203439887845889,0.05001459956346291
191,1,drl_npca,5000,112.88333333333334,0.4666666666666667,0.00011264145238480221,0.050013763107303225
192,1,drl_npca,4603,116.22413793103448,0.5689655172413793,7.568590566127871e-05,0.05001296160633009
193,1,drl_npca,4536,115.96774193548387,0.532258064516129,7.97536049503833e-05,0.050012231219132085
194,1,drl_npca,3831,142.98214285714286,0.35714285714285715,8.025850183912553e-05,0.05001149591354684
195,1,drl_npca,4422,135.74074074074073,0.46296296296296297,7.751921414940928e-05,0.05001086983616135
196,1,drl_npca,4554,137.78846153846155,0.3076923076923077,8.836894994601607e-05,0.050010298431771676
197,1,drl_npca,3516,167.9387755102041,0.30612244897959184,8.567503997862029e-05,0.050009776598564065
198,1,drl_npca,4368,134.37735849056602,0.4528301886792453,0.00011331118245531495,0.05000930909266534
199,1,drl_npca,4564,130.72727272727272,0.5454545454545454,6.804526249955718e-05,0.05000882855741816
200,1,drl_npca,4485,122.56666666666666,0.65,9.535742234826709e-05,0.05000835609847414
201,1,drl_npca,4397,115.453125,0.59375,9.080296392009284e-05,0.05000786947718208
202,1,drl_npca,4693,122.21666666666667,0.55,9.551473582784335e-05,0.050007381608940485
203,1,drl_npca,4290,136.03636363636363,0.4727272727272727,5.319617048371583e-05,0.050006951737500936
204,1,drl_npca,4107,127.0,0.4444444444444444,8.457496854437825e-05,0.05000657971629711
205,1,drl_npca,3996,144.24528301886792,0.3018867924528302,0.00013202425907365978,0.0500061779816759
206,1,drl_npca,4081,142.1320754716981,0.5283018867924528,6.949406573160861e-05,0.0500058590743389
207,1,drl_npca,4490,139.75,0.38461538461538464,8.139919858270635e-05,0.05000555662899466
208,1,drl_npca,4915,127.07843137254902,0.5294117647058824,8.090324748385076e-05,0.05000527506830697
209,1,drl_npca,4339,133.14814814814815,0.5,0.00010847176842313881,0.05000501278489772
210,1,drl_npca,4872,113.93333333333334,0.4166666666666667,6.213404049049132e-05,0.05000474927335508
211,1,drl_npca,4029,129.44262295081967,0.5409836065573771,7.990951417014003e-05,0.050004472697206113
212,1,drl_npca,4453,127.06896551724138,0.4827586206896552,9.505736185625817e-05,0.050004208017475994
213,1,drl_npca,4446,127.98305084745763,0.4745762711864407,8.364342526571515e-05,0.05000397089547003
214,1,drl_npca,4828,116.74137931034483,0.4827586206896552,5.42964686853035e-05,0.05000374339003922
215,1,drl_npca,4480,141.1764705882353,0.29411764705882354,7.517914734004687e-05,0.050003532449813745
216,1,drl_npca,4461,139.45098039215685,0.43137254901960786,9.011127986013889e-05,0.050003356811712724
217,1,drl_npca,4375,136.16981132075472,0.5471698113207547,8.521522249793634e-05,0.0500031899065716
218,1,drl_npca,4752,113.8688524590164,0.4426229508196721,4.658738665360337e-05,0.05000302524363419
219,1,drl_npca,5109,110.20338983050847,0.6440677966101694,8.90073327658077e-05,0.05000284621951703
220,1,drl_npca,4293,132.16363636363636,0.5454545454545454,6.228262524624976e-05,0.05000268315040521
221,1,drl_npca,4920,128.01960784313727,0.4117647058823529,7.218678122929607e-05,0.05000253956200826
222,1,drl_npca,3994,148.1153846153846,0.2692307692307692,8.56318050258172e-05,0.05000241329160894
223,1,drl_npca,4764,117.53448275862068,0.41379310344827586,6.643129260434459e-05,0.050002291007388476
224,1,drl_npca,4323,121.93650793650794,0.42857142857142855,7.154953345889226e-05,0.05000216190900172
225,1,drl_npca,3261,140.14754098360655,0.6065573770491803,5.5181228769167014e-05,0.05000202991034787
226,1,drl_npca,3635,129.4126984126984,0.5555555555555556,9.110560616439518e-05,0.05000190978682994
227,1,drl_npca,4460,121.35593220338983,0.6440677966101694,7.887106888423052e-05,0.05000179318188011
228,1,drl_npca,4732,148.97826086956522,0.4782608695652174,6.17460573266726e-05,0.05000169044469671
229,1,drl_npca,4466,113.03030303030303,0.5909090909090909,6.871789325183879e-05,0.05000161444562012
230,1,drl_npca,4834,121.23728813559322,0.4406779661016949,7.339472843644519e-05,0.05000151133237372
231,1,drl_npca,4822,121.92857142857143,0.375,7.552282962327202e-05,0.050001424743259144
232,1,drl_npca,4821,129.9607843137255,0.29411764705882354,7.979357663619642e-05,0.05000134715051012
233,1,drl_npca,3851,136.86206896551724,0.43103448275862066,4.7028707437372454e-05,0.050001280168395765
234,1,drl_npca,4038,156.81632653061226,0.4489795918367347,6.074811487148205e-05,0.05000120803083937
235,1,drl_npca,4659,113.75,0.53125,8.935685036703944e-05,0.05000115026416935
236,1,drl_npca,4300,133.72727272727272,0.5818181818181818,6.616189784836024e-05,0.050001078953541625
237,1,drl_npca,3955,120.4375,0.671875,9.815186543467765e-05,0.05000102121350248
238,1,drl_npca,4719,112.875,0.59375,0.00012678194616455585,0.05000095790337092
239,1,drl_npca,4227,126.62295081967213,0.45901639344262296,6.492283015783566e-05,0.05000089851815099
240,1,drl_npca,4983,124.77358490566037,0.4528301886792453,8.72496675583534e-05,0.05000084534675781
241,1,drl_npca,4860,112.14516129032258,0.5,5.143139302769365e-05,0.05000080170996872
242,1,drl_npca,4798,128.28846153846155,0.4230769230769231,6.09481515615092e-05,0.050000753513479775
243,1,drl_npca,3831,147.9056603773585,0.39622641509433965,0.00010177244257647544,0.050000715332097906
244,1,drl_npca,4681,124.42105263157895,0.42105263157894735,6.916111306054518e-05,0.05000067840666394
245,1,drl_npca,4890,126.54901960784314,0.4117647058823529,8.612137025920674e-05,0.050000640818911375
246,1,drl_npca,3852,129.69354838709677,0.5161290322580645,4.673958877295566e-05,0.05000060895654315
247,1,drl_npca,4859,121.81818181818181,0.38181818181818183,6.935436370743749e-05,0.05000057234783371
248,1,drl_npca,4423,125.8103448275862,0.46551724137931033,4.8378496406561076e-05,0.05000054171872407
249,1,drl_npca,4536,134.3653846153846,0.4230769230769231,8.849560496552537e-05,0.050000511192845494
250,1,drl_npca,4123,134.80701754385964,0.42105263157894735,7.759482105029747e-05,0.050000485290124755
251,1,drl_npca,3960,133.68333333333334,0.45,7.91725372740378e-05,0.050000458402173764
252,1,drl_npca,3980,137.98214285714286,0.39285714285714285,6.309560982723876e-05,0.05000043170690937
253,1,drl_npca,4290,128.31147540983608,0.47540983606557374,5.452970193194536e-05,0.05000040819577804
254,1,drl_npca,4092,129.95,0.55,9.686344856163487e-05,0.05000038404007436
255,1,drl_npca,4241,128.5593220338983,0.6101694915254238,6.56841851499242e-05,0.05000036167532151
256,1,drl_npca,4389,127.55172413793103,0.5862068965517241,6.117653780772041e-05,0.05000034095377382
257,1,drl_npca,4098,137.89473684210526,0.43859649122807015,7.455391702630247e-05,0.050000321741010746
258,1,drl_npca,4258,131.4406779661017,0.3728813559322034,8.942234853748232e-05,0.05000030391465062
259,1,drl_npca,4611,138.94,0.3,5.977082643463897e-05,0.05000028650239839
260,1,drl_npca,5200,109.65517241379311,0.4827586206896552,6.047151691745967e-05,0.05000027252951154
261,1,drl_npca,4996,113.89473684210526,0.7017543859649122,5.3595642384607345e-05,0.05000025717245924
262,1,drl_npca,4836,120.82758620689656,0.5344827586206896,7.129448204068467e-05,0.0500002429235798
263,1,drl_npca,4834,139.875,0.3541666666666667,4.497905926352056e-05,0.05000022923482331
264,1,drl_npca,3885,161.5,0.4583333333333333,6.963207124499604e-05,0.05000021849145527
265,1,drl_npca,4653,116.60655737704919,0.29508196721311475,4.2930356357828714e-05,0.050000208251588206
266,1,drl_npca,4370,130.25423728813558,0.3559322033898305,9.4269528441752e-05,0.05000019592793391
267,1,drl_npca,3555,157.80769230769232,0.4230769230769231,6.716925296738434e-05,0.05000018470258956
268,1,drl_npca,4497,134.52830188679246,0.49056603773584906,3.647958086124466e-05,0.05000017534350005
269,1,drl_npca,4309,144.37254901960785,0.35294117647058826,5.1721247776489086e-05,0.05000016629227077
270,1,drl_npca,5054,121.63461538461539,0.4423076923076923,8.322759337412815e-05,0.05000015802399799
271,1,drl_npca,4416,122.70491803278688,0.4262295081967213,6.179691384507653e-05,0.05000015001674294
272,1,drl_npca,3874,143.64814814814815,0.5925925925925926,6.455649539323834e-05,0.05000014113923811
273,1,drl_npca,4537,128.46428571428572,0.6071428571428571,9.360359157047544e-05,0.05000013371984568
274,1,drl_npca,4677,117.47457627118644,0.711864406779661,5.041676801435339e-05,0.05000012643734733
275,1,drl_npca,4541,114.83870967741936,0.7258064516129032,7.849942630855367e-05,0.050000119193343205
276,1,drl_npca,4478,133.09259259259258,0.5,6.999121978878975e-05,0.0500001120277835
277,1,drl_npca,4286,136.51785714285714,0.5178571428571429,9.820314880926162e-05,0.05000010613871891
278,1,drl_npca,4330,152.19148936170214,0.3404255319148936,7.38196443611135e-05,0.05000010035831256
279,1,drl_npca,4574,131.43636363636364,0.509090909090909,9.070568921742961e-05,0.050000095750601256
280,1,drl_npca,4114,136.375,0.4642857142857143,4.9433337456624336e-05,0.050000090626522
281,1,drl_npca,4149,128.75,0.5333333333333333,6.918163489899598e-05,0.0500000856909233
282,1,drl_npca,4694,116.87096774193549,0.5806451612903226,5.7301377334321536e-05,0.05000008070067241
283,1,drl_npca,4141,122.7936507936508,0.6190476190476191,8.79982302042966e-05,0.05000007584918095
284,1,drl_npca,4877,119.52727272727273,0.6181818181818182,5.656169135666763e-05,0.05000007121809344
285,1,drl_npca,5035,121.15094339622641,0.49056603773584906,6.787597521906719e-05,0.05000006740686771
286,1,drl_npca,4596,126.51785714285714,0.48214285714285715,6.461753825230214e-05,0.05000006392732604
287,1,drl_npca,4294,121.62903225806451,0.532258064516129,4.9087842247293643e-05,0.05000006044578862
288,1,drl_npca,4200,141.6346153846154,0.5192307692307693,8.666632735791306e-05,0.050000056811962304
289,1,drl_npca,5029,104.43076923076923,0.5384615384615384,5.397358108893968e-05,0.0500000539332358
290,1,drl_npca,4290,133.25925925925927,0.6111111111111112,6.062720907114757e-05,0.05000005053908046
291,1,drl_npca,4696,138.10204081632654,0.4489795918367347,8.130528294714168e-05,0.050000047882347465
292,1,drl_npca,4145,135.33928571428572,0.375,4.2228764262593664e-05,0.0500000455926677
293,1,drl_npca,4093,146.3846153846154,0.34615384615384615,4.964735853718594e-05,0.05000004310965162
294,1,drl_npca,4653,130.59259259259258,0.4444444444444444,4.857378492791516e-05,0.05000004092523672
295,1,drl_npca,3978,143.22222222222223,0.46296296296296297,5.8043527436287455e-05,0.05000003877388324
296,1,drl_npca,4193,125.63333333333334,0.6,6.429330339112009e-05,0.050000036735621874
297,1,drl_npca,4387,135.66666666666666,0.4074074074074074,5.942877093427038e-05,0.050000034596305795
298,1,drl_npca,4438,135.2962962962963,0.5370370370370371,6.981163460295647e-05,0.05000003277765088
299,1,drl_npca,4392,134.12727272727273,0.4727272727272727,0.00010804814519360662,0.05000003105459882
300,1,drl_npca,4975,113.52542372881356,0.6101694915254238,5.3609309058325984e-05,0.050000029392716555
301,1,drl_npca,4451,123.78333333333333,0.6,7.103931663247447e-05,0.05000002770871286
302,1,drl_npca,4591,131.22222222222223,0.42592592592592593,7.682664363528602e-05,0.05000002609508305
303,1,drl_npca,4095,137.64285714285714,0.5357142857142857,5.7141147408401594e-05,0.0500000247233195
304,1,drl_npca,4125,150.96,0.56,3.6137207644060254e-05,0.050000023376866154
305,1,drl_npca,4632,128.5185185185185,0.4444444444444444,5.006543506169692e-05,0.05000002223676294
306,1,drl_npca,4227,145.1764705882353,0.39215686274509803,4.4554657506523654e-05,0.050000021067823155
307,1,drl_npca,4224,123.01639344262296,0.6065573770491803,6.928701865642022e-05,0.05000002002030298
308,1,drl_npca,4522,116.5079365079365,0.7301587301587301,5.9781351107327886e-05,0.05000001883556631
309,1,drl_npca,5510,104.87719298245614,0.6666666666666666,6.0105856391601264e-05,0.05000001768553206
310,1,drl_npca,3912,128.53333333333333,0.6333333333333333,8.055495224349822e-05,0.0500000167056487
311,1,drl_npca,4212,127.61666666666666,0.5166666666666667,5.202949857145237e-05,0.05000001573278746
312,1,drl_npca,4988,140.66666666666666,0.3111111111111111,7.15845465795913e-05,0.05000001481658124
313,1,drl_npca,3663,159.26,0.48,6.142655001895037e-05,0.05000001416461435
314,1,drl_npca,3762,154.33333333333334,0.5490196078431373,6.0117208098138995e-05,0.05000001347379796
315,1,drl_npca,4475,116.265625,0.59375,4.2009323806269094e-05,0.05000001280386281
316,1,drl_npca,4250,117.46153846153847,0.6615384615384615,5.272015793404231e-05,0.05000001201008733
317,1,drl_npca,4464,116.36507936507937,0.6190476190476191,6.562627822859213e-05,0.050000011254262074
318,1,drl_npca,4394,120.04918032786885,0.639344262295082,7.437771516075979e-05,0.05000001056711592
319,1,drl_npca,3803,151.98076923076923,0.40384615384615385,5.783553994357741e-05,0.050000009941788236
320,1,drl_npca,4401,127.55932203389831,0.423728813559322,4.2137281222191327e-05,0.050000009438026564
321,1,drl_npca,3676,146.46296296296296,0.42592592592592593,6.707597215912149e-05,0.05000000889729153
322,1,drl_npca,4205,139.75471698113208,0.6226415094339622,6.920524901943281e-05,0.050000008429579655
323,1,drl_npca,4831,117.18032786885246,0.7213114754098361,5.506794695975259e-05,0.05000000799444486
324,1,drl_npca,5277,97.49230769230769,0.7384615384615385,5.2556335504050367e-05,0.05000000752135951
325,1,drl_npca,4280,124.23809523809524,0.6031746031746031,4.2599633767774016e-05,0.05000000704802128
326,1,drl_npca,5350,110.80701754385964,0.43859649122807015,5.924262465365852e-05,0.05000000661769358
327,1,drl_npca,3707,169.8913043478261,0.391304347826087,6.0446076531661674e-05,0.05000000625103411
328,1,drl_npca,4527,121.11475409836065,0.4918032786885246,6.303358410756725e-05,0.050000005969999886
329,1,drl_npca,4720,113.03125,0.515625,4.8850294357786574e-05,0.05000000561671463
330,1,drl_npca,4397,114.47692307692307,0.6,5.29257073746218e-05,0.050000005268506405
331,1,drl_npca,4163,126.43548387096774,0.5967741935483871,7.291963993338868e-05,0.05000000493694593
332,1,drl_npca,4019,124.26229508196721,0.6721311475409836,5.477515393674063e-05,0.050000004640150995
333,1,drl_npca,4996,122.30188679245283,0.6415094339622641,4.5293464912295654e-05,0.050000004365561894
334,1,drl_npca,4554,137.18,0.5,5.597366422686415e-05,0.05000000414021164
335,1,drl_npca,4434,123.42622950819673,0.4426229508196721,5.753095198694306e-05,0.05000000393829114
336,1,drl_npca,3762,150.44444444444446,0.3888888888888889,4.738483160811787e-05,0.05000000370523583
337,1,drl_npca,4072,148.31372549019608,0.29411764705882354,4.6028713162134714e-05,0.050000003510459384
338,1,drl_npca,4589,121.36842105263158,0.5614035087719298,5.463231718749739e-05,0.05000000333591468
339,1,drl_npca,3708,129.9047619047619,0.5714285714285714,6.792509884689935e-05,0.05000000315108522
340,1,drl_npca,4803,133.11764705882354,0.5490196078431373,5.981514307980736e-05,0.050000002958690906
341,1,drl_npca,4931,111.1896551724138,0.7413793103448276,6.373988920434688e-05,0.05000000281158086
342,1,drl_npca,4705,118.37704918032787,0.4426229508196721,5.510682240128517e-05,0.05000000265314813
343,1,drl_npca,4129,149.8,0.36,6.761903083922031e-05,0.05000000249614342
344,1,drl_npca,4290,128.0,0.423728813559322,7.321002582708995e-05,0.05000000237440507
345,1,drl_npca,4253,123.39344262295081,0.639344262295082,4.2795431606161095e-05,0.05000000223836773
346,1,drl_npca,4786,112.43333333333334,0.6333333333333333,5.0824110076064244e-05,0.05000000210590838
347,1,drl_npca,4196,123.12903225806451,0.5645161290322581,5.208649478542308e-05,0.05000000198326982
348,1,drl_npca,4372,121.6774193548387,0.5645161290322581,8.186844327913907e-05,0.05000000186404137
349,1,drl_npca,4422,128.9298245614035,0.543859649122807,4.451161172861854e-05,0.050000001751980584
350,1,drl_npca,3730,144.49122807017545,0.5789473684210527,4.06191223495019e-05,0.05000000165491047
351,1,drl_npca,4719,144.875,0.3541666666666667,4.948271089233458e-05,0.05000000156321861
352,1,drl_npca,5049,108.61904761904762,0.4603174603174603,4.57600520652098e-05,0.050000001489956473
353,1,drl_npca,4620,128.85714285714286,0.44642857142857145,5.920645829367762e-05,0.05000000139898491
354,1,drl_npca,3092,146.03333333333333,0.55,7.496327574093205e-05,0.05000000132279498
355,1,drl_npca,4900,138.5744680851064,0.40425531914893614,5.763801285259736e-05,0.0500000012457614
356,1,drl_npca,4928,139.3404255319149,0.3404255319148936,5.267313766429046e-05,0.050000001188565256
357,1,drl_npca,4567,134.88679245283018,0.32075471698113206,6.220680249195236e-05,0.05000000113399513
358,1,drl_npca,4491,142.74,0.3,5.545428090651209e-05,0.050000001075458315
359,1,drl_npca,4036,120.6470588235294,0.47058823529411764,5.3437529156023324e-05,0.05000000102300759
360,1,drl_npca,4553,145.27083333333334,0.5833333333333334,5.559693333149577e-05,0.05000000095575556
361,1,drl_npca,4678,111.25396825396825,0.6190476190476191,4.277859261492267e-05,0.05000000091096292
362,1,drl_npca,4551,101.95945945945945,0.6756756756756757,3.8359019526978955e-05,0.05000000085534269
363,1,drl_npca,4197,125.23728813559322,0.5423728813559322,5.426553737682601e-05,0.05000000079433254
364,1,drl_npca,4619,117.75409836065573,0.5245901639344263,3.946591702212269e-05,0.05000000074882266
365,1,drl_npca,4480,132.4909090909091,0.4,5.758096449426375e-05,0.050000000704509766
366,1,drl_npca,4561,112.55384615384615,0.4153846153846154,2.595334202245188e-05,0.05000000066680803
367,1,drl_npca,4335,126.98360655737704,0.6065573770491803,5.4895198748757444e-05,0.05000000062484411
368,1,drl_npca,4226,135.10526315789474,0.5263157894736842,3.090636103782648e-05,0.05000000058786786
369,1,drl_npca,4042,138.07407407407408,0.5925925925925926,4.421702275673548e-05,0.05000000055529649
370,1,drl_npca,5260,109.10526315789474,0.5614035087719298,5.674678504874464e-05,0.050000000526105724
371,1,drl_npca,5346,113.03636363636363,0.6181818181818182,4.9649859041286014e-05,0.05000000049695635
372,1,drl_npca,4363,114.46268656716418,0.582089552238806,5.7714301874511875e-05,0.0500000004703618
373,1,drl_npca,4401,131.70909090909092,0.5454545454545454,3.8368908766036235e-05,0.0500000004398801
374,1,drl_npca,4586,125.69642857142857,0.5178571428571429,3.722426360279011e-05,0.050000000416339986
375,1,drl_npca,4349,145.44897959183675,0.24489795918367346,3.1483745563794706e-05,0.05000000039366575
376,1,drl_npca,4179,143.0943396226415,0.22641509433962265,3.3276892281719483e-05,0.0500000003748411
377,1,drl_npca,4084,133.16949152542372,0.3898305084745763,7.954079531676446e-05,0.050000000355491805
378,1,drl_npca,4538,117.45901639344262,0.6721311475409836,4.702609476225916e-05,0.05000000033512453
379,1,drl_npca,4605,116.58064516129032,0.8225806451612904,6.232935023338844e-05,0.05000000031529295
380,1,drl_npca,4605,120.83333333333333,0.7833333333333333,4.486112326655226e-05,0.05000000029633844
381,1,drl_npca,4732,125.01851851851852,0.5555555555555556,3.190278008939155e-05,0.05000000027908104
382,1,drl_npca,3644,143.56140350877192,0.38596491228070173,7.659137190785259e-05,0.05000000026441034
383,1,drl_npca,3366,155.87037037037038,0.5555555555555556,5.9479280025698245e-05,0.05000000024976044
384,1,drl_npca,5200,107.83333333333333,0.6,4.754967631015461e-05,0.05000000023663106
385,1,drl_npca,4952,102.24242424242425,0.7424242424242424,3.092448726723281e-05,0.050000000222850734
386,1,drl_npca,4377,113.16666666666667,0.7272727272727273,2.658688936207909e-05,0.05000000020861745
387,1,drl_npca,4470,145.06,0.32,6.55478276409364e-05,0.050000000195293236
388,1,drl_npca,4224,145.47058823529412,0.21568627450980393,4.3301898889088385e-05,0.050000000185768674
389,1,drl_npca,4422,137.30357142857142,0.21428571428571427,6.5921386218785e-05,0.05000000017653201
390,1,drl_npca,4152,138.05357142857142,0.5178571428571429,5.7127261243294924e-05,0.05000000016691792
391,1,drl_npca,3952,142.88888888888889,0.6666666666666666,5.942538094435198e-05,0.05000000015782743
392,1,drl_npca,3763,125.66153846153846,0.7076923076923077,2.9756026075726066e-05,0.05000000014953077
393,1,drl_npca,4404,125.40350877192982,0.6491228070175439,4.834223727812059e-05,0.05000000014012042
394,1,drl_npca,4317,121.7936507936508,0.6349206349206349,4.730506164681477e-05,0.05000000013235692
395,1,drl_npca,4854,132.66,0.54,6.378561132199441e-05,0.05000000012427567
396,1,drl_npca,3711,153.78846153846155,0.40384615384615385,3.9954399350487314e-05,0.05000000011821467
397,1,drl_npca,3875,155.44897959183675,0.3469387755102041,4.1134936812644206e-05,0.0500000001122246
398,1,drl_npca,4652,113.3225806451613,0.45161290322580644,4.193982749711722e-05,0.05000000010685814
399,1,drl_npca,4594,125.14285714285714,0.4642857142857143,6.277923966990784e-05,0.05000000010043414
400,1,drl_npca,3993,155.81632653061226,0.3469387755102041,3.8801603902053707e-05,0.050000000094964414
401,1,drl_npca,4608,144.16666666666666,0.3541666666666667,7.341959038361286e-05,0.050000000090423324
402,1,drl_npca,4432,124.74137931034483,0.5344827586206896,3.811680289800279e-05,0.05000000008618552
403,1,drl_npca,3641,132.34920634920636,0.47619047619047616,3.2686691459578775e-05,0.05000000008132897
404,1,drl_npca,4323,140.30188679245282,0.49056603773584906,4.053315751662012e-05,0.0500000000763633
405,1,drl_npca,4850,105.65151515151516,0.6363636363636364,4.340945391353065e-05,0.050000000072421426
406,1,drl_npca,4537,146.3877551020408,0.46938775510204084,5.46320637416405e-05,0.05000000006779593
407,1,drl_npca,3955,129.2741935483871,0.6451612903225806,5.9768094312554844e-05,0.05000000006455401
408,1,drl_npca,4017,122.9672131147541,0.7868852459016393,5.700555144964407e-05,0.05000000006067321
409,1,drl_npca,4607,121.20689655172414,0.6896551724137931,3.856543420018473e-05,0.050000000057082765
410,1,drl_npca,4663,132.9591836734694,0.6530612244897959,5.272058115224354e-05,0.05000000005386615
411,1,drl_npca,4530,141.62,0.5,4.8583273989303656e-05,0.05000000005129033
412,1,drl_npca,4033,153.55102040816325,0.4489795918367347,3.945318894693628e-05,0.05000000004878887
413,1,drl_npca,4611,114.2063492063492,0.5238095238095238,6.983723263450277e-05,0.05000000004645584
414,1,drl_npca,3761,142.49122807017545,0.45614035087719296,4.3897450571724526e-05,0.05000000004361941
415,1,drl_npca,4775,101.53521126760563,0.7323943661971831,3.4743197223482035e-05,0.050000000041202634
416,1,drl_npca,4334,113.51470588235294,0.7352941176470589,6.808163137369168e-05,0.050000000038378685
417,1,drl_npca,4825,101.66197183098592,0.7746478873239436,3.9902965302947756e-05,0.05000000003585569
418,1,drl_npca,4464,144.22,0.62,3.2900136223664354e-05,0.05000000003339821
419,1,drl_npca,4228,133.72727272727272,0.43636363636363634,5.118304701075734e-05,0.05000000003176936
420,1,drl_npca,3922,146.96296296296296,0.3888888888888889,4.3161706950437896e-05,0.05000000003006923
421,1,drl_npca,4197,129.8421052631579,0.543859649122807,3.0918078361234315e-05,0.05000000002848855
422,1,drl_npca,4068,129.88333333333333,0.5,4.664972705844169e-05,0.050000000026910116
423,1,drl_npca,3738,144.43636363636364,0.6545454545454545,4.3882882891921327e-05,0.050000000025342994
424,1,drl_npca,5220,100.9090909090909,0.6363636363636364,6.218895396159496e-05,0.05000000002398677
425,1,drl_npca,4790,123.9298245614035,0.5087719298245614,6.029079183160017e-05,0.050000000022454756
426,1,drl_npca,4659,124.60714285714286,0.5357142857142857,4.6084312998573296e-05,0.050000000021210626
427,1,drl_npca,4106,138.33333333333334,0.5925925925925926,5.978129653764578e-05,0.05000000002005548
428,1,drl_npca,4836,108.27692307692308,0.5846153846153846,3.078583389045283e-05,0.050000000019001206
429,1,drl_npca,4530,119.53225806451613,0.532258064516129,7.970700122920486e-05,0.05000000001780541
430,1,drl_npca,4775,124.57407407407408,0.5,4.605421539357243e-05,0.050000000016735
431,1,drl_npca,3888,138.30357142857142,0.6071428571428571,4.819759487872943e-05,0.05000000001585528
432,1,drl_npca,4202,142.50943396226415,0.4716981132075472,4.966190014480768e-05,0.05000000001499178
433,1,drl_npca,4932,133.48979591836735,0.5306122448979592,4.1730549128260463e-05,0.05000000001421791
434,1,drl_npca,5347,107.05172413793103,0.6551724137931034,3.8142924192167506e-05,0.05000000001353803
435,1,drl_npca,4707,118.04918032786885,0.5573770491803278,3.68810651707463e-05,0.05000000001277516
436,1,drl_npca,5022,118.0,0.5614035087719298,3.18988065070395e-05,0.050000000012019166
437,1,drl_npca,3432,134.1846153846154,0.47692307692307695,5.306018162324714e-05,0.050000000011353234
438,1,drl_npca,4080,135.01754385964912,0.47368421052631576,4.481602930657876e-05,0.05000000001063874
439,1,drl_npca,4950,113.24590163934427,0.4918032786885246,3.924156105009994e-05,0.0500000000100493
440,1,drl_npca,4851,121.56140350877193,0.5263157894736842,4.058174575523784e-05,0.050000000009454613
441,1,drl_npca,4903,116.30508474576271,0.4915254237288136,4.8110115434004307e-05,0.05000000000893077
442,1,drl_npca,4917,140.08510638297872,0.3617021276595745,6.484100595116615e-05,0.050000000008419095
443,1,drl_npca,4233,143.9433962264151,0.37735849056603776,5.0386998433774956e-05,0.05000000000803256
444,1,drl_npca,4441,127.70689655172414,0.5344827586206896,3.714123522513546e-05,0.050000000007617916
445,1,drl_npca,3899,118.54411764705883,0.6323529411764706,3.3909291535868156e-05,0.05000000000718864
446,1,drl_npca,4964,112.21311475409836,0.7213114754098361,3.3923255008024476e-05,0.05000000000671607
447,1,drl_npca,4330,115.8,0.7692307692307693,2.9260841984068975e-05,0.05000000000631863
448,1,drl_npca,4344,134.6851851851852,0.4444444444444444,4.6644629340638254e-05,0.05000000000592098
449,1,drl_npca,4576,131.94444444444446,0.3333333333333333,7.885250791635674e-05,0.05000000000560973
450,1,drl_npca,4389,138.11111111111111,0.35185185185185186,4.701076735121509e-05,0.05000000000531484
451,1,drl_npca,5050,122.51923076923077,0.5384615384615384,4.505683925041618e-05,0.05000000000503545
452,1,drl_npca,3733,132.25396825396825,0.5873015873015873,4.297325297860274e-05,0.0500000000047803
453,1,drl_npca,4435,148.65217391304347,0.43478260869565216,5.069247223824883e-05,0.050000000004488426
454,1,drl_npca,3984,146.66037735849056,0.4528301886792453,4.288814428340023e-05,0.050000000004286636
455,1,drl_npca,4520,148.16666666666666,0.4375,4.51721146722169e-05,0.05000000000406536
456,1,drl_npca,5245,108.66666666666667,0.36666666666666664,2.870034162090936e-05,0.050000000003874834
457,1,drl_npca,3795,157.84313725490196,0.35294117647058826,2.1872711537677485e-05,0.05000000000364918
458,1,drl_npca,4195,133.3684210526316,0.42105263157894735,3.522045305241287e-05,0.05000000000346774
459,1,drl_npca,4411,120.53968253968254,0.6666666666666666,5.286167530963818e-05,0.050000000003275605
460,1,drl_npca,5418,107.75862068965517,0.5517241379310345,3.8015955700151004e-05,0.05000000000307561
461,1,drl_npca,4554,117.98387096774194,0.4838709677419355,3.9862476114649326e-05,0.0500000000029023
462,1,drl_npca,4756,116.28813559322033,0.3898305084745763,3.4931005454078935e-05,0.05000000000272782
463,1,drl_npca,4093,135.05172413793105,0.3275862068965517,2.8383588869473897e-05,0.050000000002571536
464,1,drl_npca,4033,148.69230769230768,0.34615384615384615,4.662202324349588e-05,0.05000000000242663
465,1,drl_npca,4367,121.93650793650794,0.49206349206349204,4.6753060208478324e-05,0.05000000000230367
466,1,drl_npca,4278,121.35384615384615,0.5538461538461539,4.2602642073082585e-05,0.050000000002163016
467,1,drl_npca,5257,116.77777777777777,0.5185185185185185,4.8481895646546036e-05,0.050000000002026895
468,1,drl_npca,4191,139.6851851851852,0.42592592592592593,3.5470300645101815e-05,0.05000000000192034
469,1,drl_npca,4597,121.91379310344827,0.3793103448275862,2.776004597156619e-05,0.050000000001819395
470,1,drl_npca,5714,112.48,0.3,2.8746739796285208e-05,0.05000000000171687
471,1,drl_npca,4368,123.11111111111111,0.36507936507936506,5.0612427003216e-05,0.05000000000163314
472,1,drl_npca,4298,125.5,0.6612903225806451,5.513601839387169e-05,0.05000000000153342
473,1,drl_npca,4944,121.18518518518519,0.6851851851851852,3.985996712193204e-05,0.05000000000144124
474,1,drl_npca,4781,121.45614035087719,0.5964912280701754,4.596964087492476e-05,0.05000000000136548
475,1,drl_npca,5005,118.60714285714286,0.375,2.2462224478658754e-05,0.050000000001289825
476,1,drl_npca,4530,152.9777777777778,0.4444444444444444,4.652275371578677e-05,0.050000000001219576
477,1,drl_npca,5022,128.92,0.36,4.5518931680514164e-05,0.05000000000116591
478,1,drl_npca,3901,138.80701754385964,0.42105263157894735,2.283474987052614e-05,0.05000000000110905
479,1,drl_npca,4203,124.45,0.5666666666666667,5.151768709765747e-05,0.0500000000010476
480,1,drl_npca,5197,111.375,0.6607142857142857,5.072094427305274e-05,0.050000000000986596
481,1,drl_npca,4010,147.88679245283018,0.6415094339622641,4.45182595285587e-05,0.05000000000093287
482,1,drl_npca,4396,128.5818181818182,0.6,6.251756470495214e-05,0.05000000000088471
483,1,drl_npca,4772,106.265625,0.671875,3.968584981824582e-05,0.05000000000083737
484,1,drl_npca,4739,110.98507462686567,0.5373134328358209,2.4332438139632966e-05,0.05000000000078545
485,1,drl_npca,4377,135.69230769230768,0.5576923076923077,5.039873576606624e-05,0.050000000000734554
486,1,drl_npca,4208,128.11475409836066,0.47540983606557374,3.215435572201386e-05,0.050000000000697334
487,1,drl_npca,4389,133.33333333333334,0.4444444444444444,4.0000348841810286e-05,0.05000000000065607
488,1,drl_npca,4433,123.28813559322033,0.4745762711864407,2.9679990499668445e-05,0.050000000000621575
489,1,drl_npca,4874,117.1864406779661,0.4576271186440678,4.880474565046219e-05,0.050000000000585965
490,1,drl_npca,4237,134.33928571428572,0.42857142857142855,3.0566895172038734e-05,0.050000000000552394
491,1,drl_npca,4906,118.75862068965517,0.3793103448275862,2.5618160483039294e-05,0.050000000000522314
492,1,drl_npca,4280,144.59615384615384,0.3269230769230769,4.908755605962748e-05,0.05000000000049288
493,1,drl_npca,4570,116.75,0.375,5.4118173769287146e-05,0.050000000000467906
494,1,drl_npca,4755,122.2280701754386,0.47368421052631576,4.9588385688063376e-05,0.050000000000438895
495,1,drl_npca,3762,167.52173913043478,0.5434782608695652,2.42643309320556e-05,0.05000000000041458
496,1,drl_npca,4397,126.125,0.5535714285714286,2.3443087532844704e-05,0.05000000000039594
497,1,drl_npca,4397,149.58333333333334,0.4791666666666667,4.917586860149944e-05,0.05000000000037438
498,1,drl_npca,3828,132.70491803278688,0.45901639344262296,3.40840912637456e-05,0.050000000000356835
499,1,drl_npca,4458,136.27272727272728,0.3090909090909091,5.431617804182073e-05,0.05000000000033571
